"sequence_Id","ranges"
"00iuvm36","2066-2280"
"00j3oh4b",""
"00le708o",""
"016lt070",""
"02i7s64l",""
"02on2h9e",""
"02smqnco",""
"02u4ty3m",""
"035i5xi3",""
"03ok09in",""
"048i1ejv",""
"04yk3pta","2133-2214"
"051fvgta",""
"051tnsv7","1-87,129-321,347-570,574-988,990-1305"
"0546k2jb",""
"05zlzit0",""
"067tzicq",""
"06zjpitg",""
"07zqq05g",""
"08q1maem",""
"08vppntu",""
"09uejhgy",""
"0a4zsg0o",""
"0a5zsl1g",""
"0an0uy1f",""
"0b5llciw",""
"0bmyrui9",""
"0bn7wvz0","304-378,554-644,693-840,1700-1799,2338-2412"
"0calgnxk","573-647,1701-1872"
"0cxh8kw5","2-17039"
"0ddmzgws",""
"0dwfc7qb",""
"0ei00829",""
"0fdatt78",""
"0hgdff8d","677-809,908-1021"
"0hsyx94f",""
"0i0nycx6",""
"0idllg2i",""
"0ja73o56",""
"0jti6qrg",""
"0k0pkhi0",""
"0l9v0obi",""
"0ltuwgkk","355-436,464-555"
"0lz1gtcw","921-1007"
"0m9ngu9h",""
"0mos3l6w",""
"0ntt3c51",""
"0nyyovk5",""
"0o9c4dcy",""
"0ognx2w8",""
"0owj7oas",""
"0pkw8dny",""
"0pojy3qv",""
"0puj7meb",""
"0pxi9diy",""
"0qfn51gz",""
"0qivxhbv","1796-1886"
"0qohwo9i","119-218,259-341,412-571"
"0rb1mr05",""
"0rufvt1b","1400-1474"
"0s8jdh5s",""
"0s9kczxs",""
"0teuje0e",""
"0ukdhe9i",""
"0v6dhby6",""
"0vkhvhjz","9481-9584"
"0x0sobgj",""
"0x5fy91s",""
"0xc8y0mp",""
"0yz47lnf",""
"0z9hnvzl",""
"0zd1dv7p",""
"0zdt0tmz",""
"10kn964v",""
"117vgzgx",""
"11z077rh",""
"138mtg3l",""
"13bq0w0e",""
"14123zqp","284-362,423-535,543-665,668-793"
"15fihz83",""
"15l85ofj",""
"16cfl47d","167-282,302-396,398-597,756-865,924-1108,1196-1291,1297-1475,1570-1653,2000-2077,2168-2270,2329-2434"
"170gsltz",""
"1784lv22",""
"17puosyg","570-682"
"182rcur6",""
"183navxj",""
"18inw3ry",""
"18ldearh","5867-5941"
"18xjopup",""
"199nf52w",""
"19q2ler7",""
"19xql3yv",""
"1a1r4zh8",""
"1alut40h",""
"1b2vr0eb",""
"1b55wut7",""
"1bdjkhk2",""
"1ccmn14x","1-242,328-608,1131-1354"
"1cm4ozgw",""
"1cps14rp","534-614"
"1dhdsfke",""
"1doihuxl",""
"1e4w66r8","1-92,115-271,357-486,603-703,714-828,1086-1216,1282-1357,1383-1478,1629-1728"
"1fw7cvin",""
"1gyhqbv3",""
"1h2629jb",""
"1hqu58ma",""
"1i3zldbi",""
"1i52digq",""
"1i682ozv",""
"1ia2nk6y",""
"1icrd146",""
"1ivygt0h",""
"1ja55ec9",""
"1jzzu22n",""
"1lhba191","2146-2233"
"1lkuj5hf",""
"1ly0yxm4","1211-1335,1649-1752,1784-1860,2074-2150"
"1n3gktbp",""
"1nq54p5q",""
"1pq6cyzi",""
"1q9pkjy8",""
"1qi3blu0",""
"1qla5seg","46-141"
"1quoijg6",""
"1r3oaggu",""
"1rdq7y2x",""
"1rz26l03","1354-1431"
"1stu3nvp",""
"1t43aycf",""
"1t4hm2hz",""
"1te3maad",""
"1tnny1df",""
"1u34mk0r","40-280,297-461,506-632,638-817,820-1032,1177-1270,1379-1544,1720-1796,1798-1957,2235-2407,2620-2716"
"1ulfrf1s",""
"1uz714ol","2065-2179,2421-2532,2604-2687"
"1vnjqhze","358-469,1003-1079,1159-1398,1402-1536,1589-1803,1858-2131,2133-2257,2259-2410,2456-2561,2632-2713"
"1w4mm6xq","121-634,845-1068,1105-1227,1326-1416,1552-1654,1708-1807,2008-2158,2165-2307,2547-2645"
"1wctv294","9308-9384"
"1x4k0hmz",""
"1x9tdcmo",""
"1xhzrvof",""
"1xkh10ba",""
"1y9hut7b",""
"1zf9pr6p",""
"200f424w",""
"202whdkw",""
"207ks2s2",""
"20lfeyc4",""
"211p6mw1",""
"21hyruxv",""
"23b01dj2",""
"244z10o9",""
"24e257sb",""
"24rg7dt2",""
"24u3h8x9",""
"24ur0olh","1241-1322"
"24voqopa",""
"24x5qx9y",""
"270ocuxk",""
"275awl7j",""
"27ficy1s",""
"28ars92b",""
"29plg8r0",""
"2aa5v0ih",""
"2atk83vz",""
"2b02i8d5","284-416,484-620,776-920,1362-1451,1465-1543,1865-2286,2543-2647"
"2b4v8wmz",""
"2c7w0x0w",""
"2c893gtq",""
"2c8ghajl","1-86,113-361,761-895,1085-1184"
"2d65qx4j",""
"2dbdsy7b",""
"2dinv492",""
"2dqj3oyp",""
"2duggdtp",""
"2e0qvext",""
"2eoziacg",""
"2f4j1j66",""
"2glenfgw",""
"2h4mpcuh",""
"2iikwhsg","136-231,287-400,409-538,757-831,891-1116,1223-1636,1638-1807,1892-1983"
"2iogxz48",""
"2j3pyei5",""
"2jg1ntf6",""
"2jj9weiq",""
"2jplkywi","3-86,113-360,759-956,1086-1182"
"2jtr6chv",""
"2kiu3uzt",""
"2kkg5g21","349-430,459-549,920-1023,2185-2299"
"2ksa35mn","1395-1472"
"2lbwz9rn",""
"2ljymd7n",""
"2lnaiulu",""
"2nrh3uim",""
"2ogp5e5f","109-183"
"2oqh6j6l",""
"2qh4tsdf",""
"2qk0befo",""
"2qu6rdgq","124-232,325-606,1130-1288"
"2r1afcs4",""
"2resqacr",""
"2rkkdaso",""
"2s06gvx1",""
"2s3rld25",""
"2sdf6soi",""
"2sfzo5is",""
"2stq4qjb",""
"2t6g2oo4",""
"2ta5elqn",""
"2tlkv0dl",""
"2tww65cw","1776-1850,2103-2178"
"2u83j3ub",""
"2un41xme",""
"2usq9ons",""
"2uvh8z4m",""
"2vat398q",""
"2vjwy1ur",""
"2vogiyww",""
"2vrjjrau",""
"2vz3pbl4",""
"2wo0mu7k",""
"2wxpqecp",""
"2x00ypoa",""
"2x2ma0jm",""
"2y1b4n8j",""
"2y3c9aog",""
"2z1gc2hq",""
"302tqo52",""
"302yqdid",""
"30545xo3",""
"30jzetmc",""
"30nteslf","1055-1132,3995-4071,4150-4229"
"310woo7i",""
"317b8glz","2004-2082"
"320qr62e",""
"3249s9sq",""
"327cezi2",""
"32spaq0d",""
"336jqdjb",""
"33ijpcxz",""
"33j43gpy",""
"34hi8doc",""
"35557zp4",""
"35l0lrpl",""
"35oy4n3i",""
"37fhcy9m",""
"38sowrkd",""
"39cdyglk","92-181"
"39jg0ddu",""
"39pr7nj8","2-8255"
"39qfs30i",""
"3aidymdq",""
"3akshrke",""
"3ayzu4jb",""
"3bxrc090","1599-1696"
"3cf86rb7",""
"3cnki52u",""
"3d2e72sk",""
"3d99rkul",""
"3ddk25io",""
"3dwntew1","3650-3726"
"3dwroea0",""
"3e2nlyrg",""
"3e51pgbp","831-910,1011-1112,1296-1379,1516-1630,1738-1861,2139-2263,2412-2650,3284-3386,3388-3473,3848-3945,3948-4311,4326-4435,4523-4657,4693-4767"
"3e7n0alq",""
"3egoyfsy","880-967,1833-1915"
"3exsfcyx",""
"3f8hbs7a","1400-1481"
"3gar6jrc",""
"3grjunql",""
"3h6k82qz",""
"3h6lmwta",""
"3heojhty",""
"3hpt91nk",""
"3ivwvljz","129-233"
"3iwecgia",""
"3jk45er8",""
"3jnysuxa",""
"3jreurh6",""
"3k6wxp93",""
"3kejud5y",""
"3ljbdaew",""
"3llngb3a",""
"3mdt1dm4","131-232,338-431,434-535,641-832,871-964,1063-1342,1470-1585"
"3mmewhv7",""
"3msc1y6n",""
"3mtumoez",""
"3myk8lhr",""
"3n75yu9i",""
"3njighu8",""
"3nmf01ty",""
"3o4pzqej","2164-2257"
"3o9cmqhh","95-183"
"3oyptcwp",""
"3pg6m7xx",""
"3pkjlgdf",""
"3poh7wkf",""
"3r3b62bg",""
"3r79ttve","2432-2525"
"3rgjgieb",""
"3rxc2ot1",""
"3rzytx7c",""
"3s0kvas5","177-258,296-416,421-495,600-675,678-768"
"3s6lvw1p",""
"3srsy4he",""
"3t0f88zv",""
"3t5fh6xi",""
"3uitvnfb",""
"3v8ea85p",""
"3ven7jd4",""
"3w7kmwwn",""
"3wmuf0we",""
"3wsgl1gk",""
"3xfac0hm",""
"3yxnuxpf",""
"3zljhq50",""
"4168f5c9",""
"41l2e2k4",""
"41uxnstr",""
"42j7v30i",""
"42jtlrir","3798-3876,4108-4186"
"43ih3cht",""
"43jq0gmd",""
"43mswqip",""
"453pcnb8",""
"4590kogi",""
"45fb7ury",""
"45h7oysk","267-393,395-502,943-1090,1192-1291,1463-1649,1765-1868,1871-1954,2184-2324"
"460bpf03","2-8255"
"46ijv483",""
"46jo9d4m",""
"46nxt23j",""
"46zf09dr",""
"47ctof5c",""
"47jcuo13",""
"47xf2gd5","319-547,603-708,1782-1915,1926-2098"
"47ybqg88","77-168"
"48hvu6k0",""
"48i5dj5v",""
"497ld0i2",""
"49hggtnc",""
"49yzw8iq",""
"4ag1fy9g","5113-5584,5586-5962"
"4bniwvc2",""
"4c24pit8","169-387,486-596,915-1068,1588-1670,2280-2359,2403-2479,2559-2653"
"4c559wtw",""
"4c6rj0md",""
"4csl65yu",""
"4d00razs",""
"4dtd8imm",""
"4euzoe83",""
"4exgnf6p",""
"4fbvv9iq","207-313,317-1070,1094-1205,1215-1387,1539-1756,1808-2035,2038-2125,2508-2608"
"4fi5dg70",""
"4fo0zen2",""
"4fusr28k","304-382,536-642,693-849,1699-1797,2336-2411"
"4fy4i2vc",""
"4g2v7rzn","1187-1274"
"4g68pcnh",""
"4j04jnah",""
"4j91zlrh",""
"4jsw3p90",""
"4k0hh62u",""
"4ksj3452","273-473,948-1041,1061-1147,1413-1725,1731-1877,2474-2550"
"4ksr1d98",""
"4kwsbx9n",""
"4lf9q9r8",""
"4lo63oi7","1737-1811"
"4m1sgtcd",""
"4mvfno1i","396-473,1190-1321"
"4n1hzypy",""
"4nad7vbz",""
"4p2u2ao4",""
"4pjxpcf7",""
"4pzz9u7n",""
"4q6c0091",""
"4q7kc1lm","89-163"
"4qolvcc4",""
"4ri7w8oj",""
"4schcpjy","332-468,476-651,654-813,1036-1219,1279-1685,1721-1832,2256-2339,2659-2743"
"4sdkpzji","97-171,189-449,562-689,754-950,1105-1179,1194-1379,1396-1488,1707-1893,1952-2036"
"4sdo1w1y",""
"4slgj7g8","5572-5672"
"4tlb7ohb",""
"4tul4usv",""
"4ty6dskd",""
"4u3db7t0","1-2723"
"4udmm239",""
"4uh47ig6",""
"4uu2nvz2",""
"4vhn4oi4",""
"4vjpk5hj","172-270"
"4wdqi4h5","1317-1415"
"4wisfkkl",""
"4wn90y61",""
"4x0055n2",""
"4xb8uzbn",""
"4xzb7s1o",""
"4zs7tqys",""
"4zwen1p2",""
"50cw9j92","137-217,220-297,452-562,681-760,1140-1367"
"50fudqvl",""
"50mhw1po",""
"517ra3bi",""
"51d8mc5f",""
"5251o2o9",""
"52i8hry4",""
"53fk4u4u",""
"53nmg6cr",""
"540xaunq",""
"54i4s7et",""
"55fmobzv",""
"55wyfzx1",""
"562s9tbn",""
"56yzgvw6",""
"572ls7v4","1285-1386"
"57xqoxoi",""
"582anul2",""
"5876kfsn","202-366,384-477,545-905,910-1000,1035-1159,1296-1436,1546-1704,1706-1917,1969-2225"
"588ldvun",""
"58co9z14",""
"58kdxrff",""
"5948de0x",""
"598padbz","3148-3225,3899-3983"
"5aivankw",""
"5alasfxq",""
"5cg0fzz4",""
"5f5xxdbp","1739-1813"
"5f75w0kc",""
"5f9s0s0t",""
"5fy5m846",""
"5gnvl6u9",""
"5h13p1s6",""
"5hx0dg99","60-415,1683-1802,1845-1920,2001-2169,2290-2522"
"5il0nd8f",""
"5irtzm5c","2472-2573"
"5j6k42t7",""
"5jkvkax9",""
"5jy9xmfc",""
"5k2rsdeu",""
"5k79gvse",""
"5kqrapdk",""
"5l536j9o",""
"5lkttd06",""
"5m2vzsem",""
"5m4xbe0k",""
"5ms4tpsb",""
"5muefxyq","32-109,226-323,327-490,493-612,616-704,711-823,825-958,1248-1351"
"5o16ytwo",""
"5olzgibm","341-415"
"5p0jeu1x",""
"5pzjh40q",""
"5q2yf2r3",""
"5q313pgr",""
"5qqx4xba",""
"5r0xbmv0",""
"5rsyi935",""
"5rx4qrsy",""
"5s5rge5g",""
"5sblkote",""
"5sj8ym53",""
"5sq5t0u2",""
"5t1m9qe1",""
"5tcrzt8q",""
"5upzkv8x",""
"5uz1tfov",""
"5v1euzn9",""
"5v2qc1ja","113-225,250-505,507-601,604-925,927-1341,1416-1590,1597-1671,1688-1924"
"5vccorhc",""
"5vczca5h",""
"5w3oz9pl",""
"5wa193le",""
"5weg1f9h",""
"5wtp57tz",""
"5wyp54tx",""
"5xakahz3","1-81"
"5xncfw8n",""
"5ya9gljk",""
"5ypv3tt4",""
"5z06z0oq","1-2753"
"5z6qvmfl","1748-1822,2266-2346"
"6041au70",""
"60ah6xuj",""
"613ga6lh",""
"6178zg0j",""
"61f9e9hz",""
"61mmwkii",""
"628h9g10",""
"632pz2q3",""
"63ylajuu","675-785,1607-1682,1985-2106,3581-3659,3662-3761,3806-3881,3983-4060"
"63zqgmua",""
"64lutmtg",""
"64w6ozrv",""
"654864zz",""
"65cy9lsj",""
"65nh79cz",""
"66a4wbyz",""
"66i2rmgw",""
"679dw5hs",""
"684y4v0u",""
"68pulka1",""
"68r99o78","2-94,106-255"
"68zqun6p",""
"69bjnxl0","280-425,429-514,564-652,735-817,910-1078,1426-1523,1679-1797,1886-1964"
"69dujjfk","65-171"
"69n6wqge",""
"69tmyu2p","536-613,1609-1714,1766-1840,2149-2290"
"6aazvsnb","144-297,400-474,515-589,890-964,1135-1348"
"6as0dk9c",""
"6b49pnsa","6-710,781-987,1021-1196"
"6ba503od",""
"6blq2mfb","75-149,282-388,405-533,544-635,768-885,897-992,1190-1296,1372-1620,1641-1725,1888-1979"
"6ccmkw1a",""
"6czt4r5q",""
"6djurce8",""
"6e25l5tn","152-244,271-349,354-457,649-725,963-1045,1661-1843,1845-2126,2129-2253,2256-2401,2452-2556,2628-2709"
"6ektis12",""
"6eljoz3x",""
"6epttdgh",""
"6f7vvhwg",""
"6fkntxci",""
"6fto31dc",""
"6fvnzx2l",""
"6gk4vspz","1205-1319,2149-2254"
"6gq2dkox",""
"6h7weh5u","239-331"
"6i16xekx",""
"6idyxeb6",""
"6imabdxx",""
"6ixxkl8z",""
"6jb4h2o1",""
"6ji722x0",""
"6kbcx28v",""
"6l8e4h7t","878-959,1831-1905"
"6mt1abrl",""
"6n2w9zn7",""
"6nayr1hp",""
"6o508ty7","258-671,712-831,923-1025,1534-1668"
"6p79ixxx",""
"6pdgpmw4",""
"6pe3no3t","9229-9321"
"6pk2i88h",""
"6qj6dqte",""
"6r13xrqz",""
"6rf893kq",""
"6s5l2inm",""
"6u8qgivp",""
"6vexmzgu",""
"6voqcr39",""
"6vu662i9","562-656,684-846,848-950,1040-1230,1802-1884,1997-2092,2410-2521"
"6vup816f",""
"6w0q5jkz","109-204,1167-1308"
"6x33er86","1660-1742,1746-1863,2110-2239"
"6xt3xn78",""
"6xxwoeoo","1-210,281-912,931-1009"
"6yy1d2ev",""
"6zrqqyy6",""
"70amom0t",""
"70zmsy3w","124-219,248-502,720-890,895-1338,1420-1585,1594-1668,1745-1860,2130-2223,2269-2357"
"7202h1j9",""
"722y7l3l",""
"72d6946s","1-75,190-277,516-723,906-1123,1126-1234,1242-1349"
"72dyythm",""
"7368t5d1","185-267,270-527,714-826,828-946,1814-1919,2004-2290,2293-2367,2407-2553"
"739771sf",""
"73j50dog",""
"746qqwbh",""
"74xvvkkz","1-77,2727-2802"
"753zohcu",""
"75fr4vwh",""
"75muk163","159-239,360-498,570-691,772-859,1025-1107,1113-1216,1234-1350"
"75prkm6a",""
"774hpuny","157-231,290-372,376-456,660-737,1075-1159"
"77mt2jhx",""
"782lxkbv",""
"78pzgrbu",""
"78qj36i5","9034-9116,9156-9241,9309-9386"
"7920f6us",""
"7ais140u","93-169"
"7an996b8",""
"7b6l3sh0","995-1072"
"7bht2ttg",""
"7bv8c9xy",""
"7crn5jnu",""
"7de0d8vp",""
"7djxh951",""
"7ds8d1lf","778-868,957-1054,1198-1288,1322-1398,1410-1502,1646-1746"
"7dsoour2",""
"7dvvk85d","326-420,425-519"
"7e6ag6xi",""
"7ep6s0ss",""
"7ep79prj",""
"7eu23t33",""
"7exanyid",""
"7eyrghi6",""
"7ez3gex7",""
"7f3vk5kp",""
"7gj66xs3",""
"7gjmn4qn",""
"7gredixn",""
"7i20zb7n",""
"7j4giw6d","93-169"
"7jannoxg",""
"7jjo5z0x",""
"7k418cge",""
"7kb0l74n","1-83"
"7lcq0wyb","155-301,304-512,528-697,703-782,806-926,1060-1188,1270-1367"
"7m62etzg",""
"7m6jpxfn","252-348,465-556,1239-1346"
"7mx8yxvg",""
"7n9yooeh",""
"7nlego0x",""
"7np1yjlu",""
"7nwg18id",""
"7oecw8v8",""
"7pycy6m9",""
"7ql7q7kx",""
"7r4sq1oz",""
"7rdqmpm6",""
"7sfuo6nw","127-341,352-501,515-680,731-829,929-1048,1056-1870,1886-1976"
"7swzkd39","348-484,495-603,605-684,701-805,818-902"
"7trln90i",""
"7tzlyqlw","59-181,224-359"
"7uceze3e",""
"7uhwp6xj",""
"7vj5rxew",""
"7vo8bbmy","195-315,726-846,910-986,1200-1274,1529-1613,1736-1829,2415-2543,2548-2660,2664-2887,3002-3152,3156-3291,3295-3382,3418-3572,4567-4728,5015-5103,5265-5342,5435-5581"
"7whlrsib",""
"7wj1ffvr",""
"7wpyo2wj",""
"7y25np6c",""
"7yq8w3cz",""
"7zfjms7c",""
"7zyosrp5","495-602,731-807"
"80b4vrfs",""
"817pbg3o",""
"81tidqfx",""
"81wj1f7x",""
"823nruqm",""
"82np2784",""
"82xq97kr",""
"8396fa45",""
"84ckc9jj",""
"85h5x6xa",""
"85j2r05u",""
"85pkfbsj",""
"85xelz5f",""
"862hyetn",""
"86ch7vjb",""
"87edod6o",""
"87egjjrs","6793-6878,7352-7464"
"8aiz9gsg",""
"8b7oarnw",""
"8bc9j48n","1746-1831"
"8bd0u63a",""
"8c1uibjp","930-1006,1056-1130,1146-1258,1433-1507,2560-2637,3815-3895,4005-4175,4194-4303"
"8c8e8rwu",""
"8d099huz",""
"8di7pa4r",""
"8dmwm4ww",""
"8el7viiv",""
"8erpuhmy","3135-3209"
"8eu644mo",""
"8f6riell",""
"8fpyzubl","941-1086"
"8fsr7cvf",""
"8g5r6zex",""
"8hkm6lfi","2041-2145"
"8i7bmco0",""
"8i8sot84",""
"8irusx6v",""
"8iylmii2",""
"8jvgj5ze","67-185"
"8lih9nwj",""
"8lxivl4x",""
"8lyl3ot7",""
"8mjg31f7","3-80,323-639,665-896,921-1002,1025-1368,1432-1817,1819-1912,1954-2742"
"8mm1t9j3",""
"8n33b21n",""
"8necbjso",""
"8njq2qiz",""
"8o252vzs","755-831,1147-1232,1281-1369,2169-2257"
"8ot24fzp",""
"8oy4h8eq","1259-1355"
"8pcrh18c","1041-1121"
"8pz4yxss",""
"8qjh8gyd",""
"8r67ublq",""
"8r8hnhoe","874-972"
"8sg0uc72",""
"8stymf62","1260-1363"
"8t0cp5nc",""
"8tfwoqhf",""
"8tltjtko",""
"8u0mftka","41-164,272-461,503-633,639-738,740-814,822-1004,1587-1672,1688-1887,1997-2098"
"8vd99jfb",""
"8vdm6iev",""
"8wi5nttm",""
"8wx2x2rj","1317-1415,2468-2542"
"8wz8yglb",""
"8xhhpdyn","253-445,729-810,815-1014,1184-1264,1397-1516,1973-2051"
"8ye5dqvy",""
"8ygq429a",""
"8yk9abwj","171-247,255-344,559-643,911-1064,1407-1509,1673-1788,1884-1962"
"8zcrczk7",""
"90z0tn8u","1101-1184"
"9190k0fz",""
"91lzkjdq","945-1060,1093-1168,1622-1704"
"91n50am5",""
"91vz9h96",""
"923hl6qw","20-152"
"92e0mafa",""
"92kpnf36",""
"92tepkwh","1239-1345"
"932114ps",""
"934jhke6",""
"937ob21p","1-394"
"93h4pqas",""
"93kylylk",""
"94kvazdb",""
"94nvlzb8","3-243,266-846,872-1187,1234-1498,1956-2741"
"94r4nzm6",""
"95c1phhc",""
"95djmg2b",""
"96fg4txw",""
"96ieutlk","198-313,1199-1274,1528-1611,2673-2851,3015-3091,3161-3251,3296-3383,5018-5102"
"96p54nnt","5863-5940"
"97tvaypb",""
"99ff817f",""
"99zj4xet",""
"99zlkqi9",""
"9al1z0iv",""
"9bepd6l1",""
"9bheqkx4","216-304"
"9cg97oda",""
"9d3tsb9r",""
"9d7dtyfv",""
"9do0xz9z",""
"9e0rfn1p",""
"9e15zf7k","365-495,508-657,737-847,941-1017,1101-1198,1454-1575,2057-2175"
"9ebk5jje","6381-6468"
"9euhzayo","146-297,399-476,516-592,878-954,1123-1344"
"9foligme",""
"9g1vvq7s",""
"9go3dlk0",""
"9h0x27as",""
"9h937ya8",""
"9hwc3pfp",""
"9hzthx4j","301-447,621-699,823-913,1133-1314,1317-1559,1615-1706,2025-2124,2245-2382"
"9i8cydpg",""
"9i92phmh",""
"9km06y36",""
"9leszb23",""
"9lqc5mun",""
"9mavp2ei","5862-5944"
"9ml0ifk7",""
"9nhgwoli",""
"9ns27365",""
"9pyo6jbi",""
"9qbiechs","2052-2128"
"9qdmdgje",""
"9qhin2k6",""
"9qwhsde5",""
"9rlxfpi1",""
"9rnpqkto",""
"9rpkj0qk",""
"9rs30zu5",""
"9smup5vo","1786-1861,2305-2408"
"9t2fqqhw",""
"9t2p2xyo",""
"9t68dt4r",""
"9ta147ye",""
"9u1ebems",""
"9ud3476u",""
"9ulffx6i","574-648,746-827,1458-1557,1657-1741"
"9vylsecs",""
"9w2svmwo",""
"9wl8dae4",""
"9wrghm76",""
"9xy8c6di",""
"9y2bc9y6","1-462,479-627,887-975,1861-1937,1963-2382,2385-2497,2615-2722"
"9yzz76pi",""
"9z0x6r5c",""
"9z291ptj",""
"9zd1zndi",""
"9zg37mp1",""
"a0adp2xr","581-659,726-832,838-941,1465-1567"
"a0difhwq",""
"a0fqo080",""
"a0na0r16",""
"a136wnbt",""
"a1fxzzjf",""
"a2s6h1hw",""
"a2s6yjxs",""
"a33brvvy",""
"a3n1bdc3",""
"a3tik0ay",""
"a420k2cz","1262-1371"
"a4o62bj9",""
"a5ykeinl",""
"a6ucgmuu",""
"a73cwfvf",""
"a75lmu5h","554-638"
"a7gvyobe",""
"a855wkfk",""
"a89e4qx0",""
"a8inf0tj",""
"a8w8ire1","5862-5942"
"a9l05iju",""
"a9ofmifi",""
"a9x0sjxo",""
"aa3phhed",""
"aamszcpt",""
"aanum0g4","278-354,357-433,816-906,913-1014,1400-1487,1884-1962"
"aaz4xolo",""
"ab0j2t8u",""
"ab49i0ju",""
"abow4q7f","86-165,1740-1843,1846-1961"
"abreq5g7",""
"abzj9wla",""
"aca6k2ak","120-1313,1398-1491,1658-1801,1808-2002,2004-2119,2122-2393,2398-2748"
"acuwt115",""
"acwu8coo",""
"ad8qxoai",""
"adfwpitv","1562-1652,1784-1875"
"adrc7nui","1212-1324"
"ae5yp7kq","1-2624"
"aeafv850",""
"aebyssdn",""
"aehk1v1b",""
"af4uvq9b",""
"ag6x9il3",""
"aginhvl1",""
"agmgz1hs",""
"agtij2z7",""
"ahfa8koq",""
"aiise9p8",""
"aiyfy507",""
"aj0sehgh",""
"ajubjd4v","298-372,1190-1270,1890-1964"
"ajxzkfl8",""
"ala6vehs",""
"alfm1gkf",""
"ams15lwm",""
"anrmjpqq",""
"ao6ung14","6719-6797,7122-7196"
"aofwz1xf",""
"aos4vhiq",""
"ap5w4ky8",""
"aplttarn","1-75,2605-2692"
"app6ruee",""
"apx9t9xy",""
"aq2fzidg","202-306,311-596,598-1065,1090-1200,1253-1381,1403-1480,1482-1651,1753-1861,1931-2208,2216-2356,2588-2695"
"aqiqegr5",""
"aqlgknly",""
"ar5ow2y4",""
"as3isttd","1099-1199,1300-1380,1680-1769,2203-2283,2573-2649,2982-3155,3161-3243,3388-3478"
"as6lrvj6",""
"asuja88f",""
"aszjrp4a",""
"at4zpfgj",""
"at9gxcj3",""
"atfrq1dt",""
"auc79q22",""
"auccvjoh",""
"av30aquo",""
"awt4v8dk","602-693,1507-1619,1657-1750,2118-2214"
"axd75k0z",""
"ayg5pmsn",""
"ayh5za9k",""
"aykdasdu",""
"ayl61vur","106-202,1175-1305"
"aynyvbrl",""
"azperom3",""
"azskrys9",""
"b0fp1siu",""
"b0n5fjso",""
"b20si3zp",""
"b38fum6r",""
"b3h0y855",""
"b4ie1434",""
"b4zqjeic",""
"b5dflmng",""
"b5fzdd18",""
"b5g8ki58",""
"b5j2i1mz",""
"b5tf0sbo","5858-5941"
"b6fv6b14",""
"b6ipzgm8",""
"b8ndbbj5",""
"b96oqx77",""
"b98bmly5","474-572,597-757,761-861,953-1142,1712-1793,1907-2000,2324-2439"
"ba9v5a79",""
"bajmhcam",""
"basr9bjp",""
"bayhrw0y",""
"bb6g0ci1",""
"bbb8w71o","8659-8745,8792-8908,8910-9171,9210-9390"
"bbv9c9qa",""
"bbvoccy6",""
"bc12l1v6","524-598,892-1032,1042-1145,1184-1277"
"bciqjmg8",""
"bd995p6b",""
"bei7e4tv",""
"beuxqvrs","1-472,475-849"
"bfjr48oe",""
"bfnljrz6",""
"bfoqkb39",""
"bfrxvbx6",""
"bg3o5vft","1412-1507,1728-1807"
"bh6kqa08","299-380"
"bhqmgpi3",""
"bj5j9h88",""
"bjugef92",""
"bkdultx2",""
"bl0tmnqo",""
"blcj4wxg",""
"bmcxegxq","349-510,525-618,687-1048,1051-1142,1180-1299,1439-1579,1686-1847,1849-2060,2111-2369"
"bmd928xy",""
"bmf5g19u",""
"bmrqua11",""
"bn2g79t1",""
"bnk29z0s","996-1070"
"bo1da8j4",""
"bo9ey1po",""
"boa7ydjt",""
"bohjk7vf",""
"bp2crfdf",""
"bpm8zvg4",""
"bqlpqg3i",""
"bqnk0ii4",""
"bqrovoor",""
"bqs7107n",""
"bqv0w6sv","2290-2404"
"brpqricy",""
"bsfsguxh",""
"bt31lvmb","194-282,1820-1988,2219-2323"
"btm3j3m2",""
"btz7smef",""
"bub02v9v",""
"buvquaqv",""
"bv1kdfxk",""
"bv3vpoc1",""
"bwiaiqiw",""
"bwzsk8hz",""
"bx5ujy6y",""
"bxpchyoy",""
"bxwz3055",""
"byieecam",""
"byki03dy",""
"byl0w8yh",""
"byn1vq48",""
"byn2pe0z",""
"byqcaz1t",""
"bys0tt90","5-79,534-610,635-711,5757-5855"
"byyejujn",""
"bz35950g",""
"bz71mqig","6209-6296"
"bzh0qb75",""
"bzj5vlzv",""
"bzr1mwe2",""
"c00ru119",""
"c0yfsqdd",""
"c1jj6gbl","145-238,262-431,439-614,619-884,887-991,994-1181,1242-1650,1684-1795"
"c1rttnco","2-1016"
"c1u0vzk4",""
"c1wmridf",""
"c229ou94",""
"c2evbyuw",""
"c2ig8rao",""
"c2j7xaiz",""
"c2znpvfn",""
"c483qpxn",""
"c4ehv8hz",""
"c4m1vkv9",""
"c4x2jrry",""
"c4xnet5j",""
"c5mkyrzv",""
"c5v84poi",""
"c5zpaa5h",""
"c64hmpnu","134-228,287-400,409-538,893-1115,1221-1636,1642-1805,1882-1979"
"c653eizi",""
"c6bklg4o",""
"c6er04ht",""
"c6lh3xvv",""
"c7hlzpp8",""
"c7q2s7xc",""
"c8103mes",""
"c811en1q","1150-1224,1338-1416,2217-2293"
"c8tbc9pk","2144-2258"
"c901bmst",""
"c9gphc7l","163-249,251-465,596-768"
"c9n6dlbg",""
"cabyrx28","255-403,481-645,923-1063,1098-1223,1233-1337,1527-1674,1680-1843,2382-2516"
"cairpk08",""
"cam3u6me",""
"camcletv",""
"casb15gl",""
"cb3k7xti",""
"cbjaj75u",""
"cclka0n8","289-606,765-850,1384-1476,1511-1664,2127-2224,2252-2356"
"cd2t2wxs",""
"cd3jqv8m",""
"cdnxv0c2",""
"cfhtumpi",""
"cfkkvdrm",""
"cfzbo3qa",""
"ch4zu3fz",""
"ch7caoll",""
"chq4xgnl","232-416,1217-1368,1679-1793,2192-2308"
"chv2u6tu","424-498,662-796,1153-1227,1301-1402,1751-1835,2067-2151,2207-2308"
"ci2fl52u",""
"ci2t4jzp",""
"ciers9j1",""
"citeucy2",""
"ciyq27sg",""
"cjtij15f","606-711"
"ckdxwkyv",""
"ckfhaash",""
"cm827v2s",""
"cma5y3r5","9077-9170"
"cmro92m3",""
"cmya7h2i",""
"cntoodz9",""
"cp5cto14",""
"cpb95lgc",""
"cpeklhg8",""
"cpm1g5h4",""
"cr7mkth4",""
"cr8xm7q9",""
"crf7prfc",""
"crq0j3ky","177-253,928-1007"
"csfv9z25",""
"cslh90nb",""
"csog1b9q",""
"csvw8bc9",""
"ct7acjfd",""
"ctf68wqe",""
"ctieqs75",""
"ctyvdnxc",""
"cu83h0aq",""
"cuwtzio7",""
"cvkwiiqs",""
"cvrqclbm",""
"cwdlxa52","1-396,401-873,877-1392,1394-1477,1489-1897,1926-2117,2125-2312,2315-2929,2931-3089,3093-3584,3589-4156,4163-5509,5630-5744,5749-5832,5846-6206,6209-7083,7087-7414,7416-7522"
"cwwn3iet",""
"cx6b10q4",""
"cx79ezf7","1296-1372,1374-1453"
"cyh30fy3",""
"cyui0gyh",""
"cyw26c7g",""
"czbvooa0",""
"d004pi7r",""
"d0bp04lm","1223-1304,2086-2165"
"d14dxouq",""
"d1vxqdqc",""
"d27yv89u",""
"d2dorxg8",""
"d2f1tepj",""
"d2rdbe7d",""
"d2zm58z1",""
"d39k5lp8",""
"d4yq0siz","188-269,450-556,683-788,959-1086,1349-1451,1712-1862,1944-2084,2323-2400"
"d65gyhoc",""
"d66t3q42",""
"d71ar6pj",""
"d71ujxlu","122-214,1220-1344,1401-1553,1765-1848"
"d83wnc5s",""
"d96jpu7m","1-1021"
"d983ofaq",""
"dal8vl7r",""
"damsfndi",""
"dbwry6z0",""
"dc4mqxnf",""
"dcchidlr",""
"dckghbx0","3-737,740-844,919-1051,1056-1345"
"dcl9oz9w",""
"dcnkjr89",""
"dcsbhp2m",""
"dcsgtqmy",""
"dcz7fvac",""
"ddcjz8ru","256-404,481-626,861-990,1122-1244,1250-1328,1427-1509,1654-1781,1786-1883,2085-2181"
"dddwbrrr",""
"de2x6nl8",""
"deg47rcc",""
"deps3z8x",""
"dflmj4vt",""
"dfnckbhn",""
"dfwqp86m",""
"dg1pildn",""
"dg5dukce",""
"dh0txq3y",""
"dhbjcjx0",""
"dhgo57pn","833-907,1012-1144,1293-1376,1515-1624,1735-1858,2136-2260,2413-2566,2576-2651,3282-3381,3385-3459,3852-3942,3949-4307,4320-4430,4522-4613,4690-4764"
"dhiujeku",""
"dj8trtzq",""
"dk173q4t",""
"dkkdg6eq",""
"dks6p6yk","29-151"
"dl0apz78",""
"dlvtkcuz","72-331,335-498,500-599"
"dlytha4l","830-949,1077-1161,1220-1357,1492-1571"
"dm5vkw5o",""
"dmfqvp68",""
"dmqh55ju",""
"dmv5ok62",""
"dog1m006",""
"dpepkjs4",""
"dpr6wkn1",""
"dq5bs6uu",""
"dqyi4182",""
"dr1i1bty",""
"drp739ww",""
"dsbr9klv","278-488,661-743,750-824,948-1044,1087-1165,1468-1758"
"dse9rvx5",""
"dsp9d8o6",""
"dspbjuz2",""
"dt1ujgnd",""
"dt8ve7ib",""
"du1pkcpp",""
"du7y9ntp","2171-2292,2301-2380"
"dubnoktc",""
"dur8us39",""
"duzh5jrg",""
"dv0o8vcb",""
"dv4rvwp0",""
"dvm9b4dk",""
"dvv6x39d",""
"dvyimahy",""
"dw4ey85u",""
"dw7tm8cq",""
"dwy14qv0",""
"dx7bz5fr",""
"dxe9x11w",""
"dxntizuf",""
"dy6ejyuo",""
"dygnwuyj",""
"dyijivwv","1639-1716,2174-2249"
"dzdatkxp",""
"dzh1c407",""
"e08vzrtb",""
"e0bckrez","3240-3365"
"e0egs9a4",""
"e0okqzf3",""
"e10odw8u",""
"e1kcu9px",""
"e1rn2hev",""
"e20ikgna",""
"e2jwoi0e",""
"e3mlckhb",""
"e3o4dvcr",""
"e4r6a9d7",""
"e4y09pi1",""
"e5lz6r5m",""
"e5mjcthu",""
"e5nc43a3",""
"e5yb3k2z",""
"e6nyjars",""
"e6xhtcl4",""
"e7al0hdd",""
"e7i0akit",""
"e8kyr9jp",""
"e99semx1",""
"e9tly1bw",""
"e9xa6vv4",""
"ea7kfbn7",""
"easmj7xg",""
"ebb1t8kw",""
"ebcbc9e0",""
"ebpyuw1x",""
"ec7epmxf",""
"ecc8mckp","972-1154,1261-2890,2925-3024,3027-3166,3216-3444,3448-4024,4028-4142,4148-4382,4492-5057,5060-5747,5750-5832,5856-5958,5960-6037"
"ecfyimo7",""
"ecxuwh6q",""
"edro7686","64-236,239-519,522-779,830-928,1110-1201,1396-1476,1535-1625,1664-1866,2134-2226,2262-2391"
"eepx17uy",""
"eetph6gy",""
"ef8kzjuo",""
"efc2yx1p",""
"efsl1h79","1226-1315"
"eft13ejz","5199-5323"
"efzo6aln",""
"efztf9l9","72-333,336-498,501-593,3025-3101"
"egpoyzlk",""
"ehe8rz3m",""
"ehfadnyt","91-281,338-482,1154-1294,1452-1528,1610-1820,2055-2157,2161-2243"
"ehivczim",""
"ehsdj457",""
"eijle9ff",""
"eizxqaeu",""
"ejgxb834",""
"ek49fmly",""
"ekdvvb6k",""
"ekeg1apm",""
"el1m9kq6",""
"el4v2gjk","9237-9314"
"eljnia5j",""
"emjominh",""
"emrw6o2d","1882-1983"
"emvk0an2",""
"endkcx9j",""
"enn8swhl",""
"eo5gxi87",""
"ep6kpcy0",""
"epm3tkaq",""
"epowlatg","2302-2396"
"eq4hpvir",""
"eqk8ldel",""
"er256zsp","552-628"
"er5d7rgf",""
"er8zdycz",""
"er993lk8","1-75"
"erdxaihh","153-243,326-440,575-671,947-1036,1134-1285,1444-1519,1600-1811,2047-2150,2153-2234"
"eruowu3y",""
"esnki0db","1741-1817"
"eurzh0um",""
"euurmlp1","85-175"
"ev3jujmx",""
"evq2m9zm",""
"ewvw2qlq",""
"ex5kcguu",""
"exs7361x",""
"eyqjiwmt",""
"ez97loms",""
"ezlk33wc",""
"f02vz18f",""
"f03kjx6i",""
"f0oxj2eo",""
"f0vmrk7v",""
"f0voxwmf",""
"f10gp4jy","179-257,267-494,706-814,822-936,1998-2109,2115-2280,2400-2506"
"f1auwjv3",""
"f1i6764w",""
"f1qmnhzu",""
"f1s61et9",""
"f1vxwqw4",""
"f21tloyk",""
"f2d87u4f",""
"f2u3u0z4",""
"f38ylw0a",""
"f3u3z32n",""
"f4058soj",""
"f4dlw3an",""
"f526q7c7",""
"f679vxuz",""
"f69sael6",""
"f6ao36qv",""
"f6cz66r4","95-173"
"f6ngv0ng","303-379"
"f6s527v8",""
"f8goqfdx","1-75"
"f8i164yh",""
"f961ftl5",""
"fa3lforf",""
"fb2amjwh",""
"fb2m4s1b","90-168,276-371,379-473,664-744,862-1008,1010-1130,1132-1307,1394-1573,1624-1894,1973-2053,2204-2287"
"fbrc3fdu",""
"fc9qkqxj",""
"fcravp0n",""
"fdlmp5bn",""
"fe4zb3k1",""
"fea4h7zz",""
"fejo9hmz","1292-1368,1373-1449,2067-2225,2256-2338"
"fezryzst",""
"ffdbm59b",""
"ffjekyal",""
"fg9ruz4m",""
"fgbrd5jr",""
"fgdkm0kp",""
"fgg1uurw",""
"fggep37u",""
"fh0i8fy9",""
"fhq6ncut","430-528,941-1026,1453-1566,1596-1678,1692-2177,2252-2355"
"fhykqvi8",""
"fi6j8y3x",""
"fjxb5jfs","1234-1362"
"fknmbg4t",""
"fl6r8ylz",""
"flbg2fyg",""
"flnistw5",""
"fmu9b8k1","287-362,365-515,931-1013,1410-1505"
"fnwa02j6",""
"fo5s2cqv",""
"foiqupbr",""
"fpf0elvf",""
"fpf72sdx",""
"fpj9ub1n",""
"fq9hw377",""
"fqmlhsc5",""
"fqqcnpgq",""
"fr7cd8rd",""
"frsq3f5n",""
"fs0dbpuq",""
"fs850c92",""
"fsdjaxbw",""
"fspo85xd",""
"fsxe0oy7",""
"ft2age60",""
"ftugm4lw",""
"fuh78tkj",""
"fuizauvv",""
"fv1aumbg",""
"fv82z1kc",""
"fvoos7g0",""
"fw0vl5i0",""
"fw65l9j8",""
"fwgwcplg",""
"fx2b1a2j",""
"fxj361qh","1881-1959"
"fxzepddh",""
"fynbtwhf","135-217,219-297,452-563,684-762,1138-1365"
"fzd92e53",""
"g00n1i9p",""
"g033ad4p",""
"g2cdn4gb",""
"g321togz",""
"g36099rf",""
"g3rzl3wn",""
"g49vt5rn","536-750"
"g4rnoskh",""
"g4zpnce5",""
"g558g4kx",""
"g5ieittt","3136-3214,3897-3981"
"g5nufvtt",""
"g5vqvwa2",""
"g6cbfgnw",""
"g772zz5l",""
"g7abqe02",""
"g7nz2e3w","2254-2349"
"g7pz0qn0",""
"g7saw4l7",""
"g7up7vc2","237-320"
"g7yg83th",""
"g8fm2s6o",""
"g8j3ew70",""
"g8vc183k",""
"ga5jaj4v",""
"gand0zzv",""
"gb3m40d0",""
"gbf7y54s",""
"gbnf3enp","1-1236"
"gd6m8dfo","128-228,285-414,417-499,516-591,655-738,740-828,944-1150,1292-1419,1436-1539,1541-1641,1919-2004,2304-2378,2531-2657,2681-2757,2971-3130,3133-3405,3702-3820,3830-3977,4014-4286,4661-4770"
"gdj38wh2",""
"gdkvydbj",""
"gdouax02",""
"gdqjfao2",""
"gds6e44o",""
"gdsiv6vi",""
"gebtskht",""
"gemghxz7",""
"gf3s7hbq",""
"gfzznnnz",""
"gg77uno0",""
"ggbtz0fr",""
"ggx1bvx6",""
"ggx2tsws",""
"ggx8wjp7",""
"gh6t8tyb",""
"gh8053z7",""
"ghj6vs0g",""
"gibqh01h",""
"givmgm34",""
"gix4kjxz",""
"gjy8rhnm",""
"gkaqz4to",""
"gkh1ww5l","2593-2694,2713-2791"
"gl5ldl4b",""
"glf4qpso",""
"gllriaol",""
"gm1bdet2","145-238,269-346,353-466,646-721,777-857,922-1099,1175-1623,1732-1922,1987-2067,2183-2308,2591-2683"
"gmkplaua",""
"gn4nyt6d",""
"go1obuk1","1086-1166"
"go2g09bl",""
"go44kaac",""
"goe84a5o",""
"gozw1c5g","1-89,1306-1388"
"gp5rokgv",""
"gpftimdu","2-90,130-317,347-572,574-988,991-1130,1194-1307"
"gphg0sjl",""
"gpkepj4y","1-76,3237-3347"
"gq62mket",""
"gqccotjm",""
"gry5neeq",""
"gs3i0jbx",""
"gsqpp7mt",""
"gswzji63",""
"gsznb10a",""
"gt0r5ep3",""
"gt5awur5",""
"gtdep1lw",""
"gu1pq94l",""
"gu3f7rmy",""
"gultut4e",""
"guuja0tu","897-971"
"gvbnhvp2",""
"gvfsm4lw",""
"gvx6e905",""
"gvzhflvc",""
"gwv27uqd",""
"gwxi7fz6",""
"gx5op071",""
"gxjxwb03",""
"gxm7lw4d","1765-1840"
"gxwuoivp",""
"gxx5rf18",""
"gye12nt1",""
"gyh15ahd",""
"gyxqz19l",""
"gzxt0971","109-186"
"h0rl54d9",""
"h0ws24vb",""
"h14pje1d","645-754,966-1051,1055-1292"
"h1590p4i",""
"h15jjjvy",""
"h1hayul9",""
"h2dg8qb2","324-405,933-1025,1776-1885"
"h2mvi2am",""
"h2yzr9e5",""
"h30wn8v1",""
"h32eloi1",""
"h3cttt04",""
"h59spxy4",""
"h5b2l6j8",""
"h6ftahei",""
"h700dzvj",""
"h7b3y0l1","1483-1712,2059-2285"
"h7dz8f19",""
"h7rgqs0v",""
"h8ewythn",""
"h8fcn7k3",""
"h8qkv8yr",""
"h8spebhm",""
"h98rkq0g",""
"h9et9upc","831-906,993-1069,1398-1504"
"h9psu9q0",""
"ha0zoog6",""
"hb1sgg86",""
"hb8rzfu0",""
"hbc17i0v",""
"hbpv8jwi",""
"hc3510v5",""
"hc38rtyt",""
"hcnt6xha",""
"hcpo2br8",""
"hdru8ofq",""
"hdzel1t8",""
"heprpw4w",""
"hf8nkksn","6717-6796,7120-7195,8867-8951,8998-9114,9121-9378,9417-9596"
"hfrsoenu",""
"hgbbt20b",""
"hglihye7",""
"hh2ksgzb",""
"hh5rsvig",""
"hhrf9t7y",""
"hie4vgll",""
"hiyntw70",""
"hji9hzwv",""
"hjkehjfp",""
"hjukugec",""
"hkixcin7","1735-1886"
"hkkw17j1",""
"hkyjkr5z",""
"hlo1xdlf",""
"hm0gng3p","3618-3709"
"hmc0hnm8",""
"hmu4p8u1",""
"hn0cavky",""
"hn2pt8bp","898-974"
"hn6joatu",""
"hnn9u84d",""
"ho0q3g8g",""
"hop74i3l",""
"hpvx39k1",""
"hpxiy9ot",""
"hqdsmqyl",""
"hqefhx7d",""
"hqi2551a",""
"hqrcebv2",""
"hrgtn2lr",""
"hrvm00w7",""
"hs8h666y","1265-1349"
"hsx3d7lq",""
"htfoqwzy",""
"hth0yl2r","193-290,599-679,1210-1284"
"hufpo8zu",""
"hus9cayl","1-77"
"huwkpqjf",""
"hv9ez4ot",""
"hvdttauo","453-539,829-1060,1960-2113"
"hveumo7p",""
"hvuqn5z4",""
"hwgrncrt",""
"hwqtwki9",""
"hwxxn4ov",""
"hxo0d0c6","719-800"
"hyad8ztq",""
"hz3z20gb","9232-9320"
"hzgsbqpz",""
"hztwni4t",""
"i01gw83f",""
"i0drao0p",""
"i0wn7ofn","40-137,223-327"
"i0wy88q5",""
"i17r57lv","839-943"
"i1m7ps8e",""
"i1oek8ff",""
"i1v9ysa4",""
"i23vpd97",""
"i2je2lrx","302-438,803-921,1053-1133"
"i2lx4ro9","2-2752"
"i2x1w7bt","2-80,197-278,634-716,724-838,953-1052,2057-2132,2521-2595,2884-2966,3524-3695,4390-4464,5143-5327,5418-5515,5568-5672,5758-5858,6241-6493"
"i3setmtp",""
"i3vl0c4r","9035-9116,9151-9241,9311-9388"
"i4agn226",""
"i4jt9scd",""
"i4kvudvw","127-231,345-430,433-534,641-832,872-962,1063-1346,1470-1586"
"i4wl3adn",""
"i4wsw29n",""
"i516njee",""
"i5nvugy4",""
"i6nwfvr6",""
"i6xgwyiv",""
"i82dfh38",""
"i881t2tf","504-595,601-921,924-1024,1639-1799,1849-1926,2187-2310"
"i8b5j31l",""
"i8ecqejr","4-895"
"i8rvq912",""
"i918rbw2",""
"i983i9fe",""
"i9ai82py",""
"i9hg4t07",""
"i9iqgq54",""
"ia0faxm0","1-174,178-357,1033-1381"
"iagh8fea",""
"iaq1h6xt","550-624"
"iaxbqcs2",""
"ib2dn2kt",""
"ib496agb",""
"ib76fknn",""
"ibd06ew0",""
"ibd2swx4",""
"ic9rg5ez",""
"icingarj","1000-1079,1244-1321,1354-1448,1743-1821"
"id147cot",""
"idoa1umf",""
"ie407pr8",""
"ieir4pjh",""
"igahzh83",""
"ihlcido5",""
"ij660fti",""
"ijr8fm9x","1577-1672,1861-1935"
"ikhss9ts",""
"ilbvt45n","2-148,183-402,593-774,1043-1121,1271-1462,1510-1679,1715-1955,2091-2272,2274-2431,2583-2665,2671-2756"
"iljn2108","1032-1202,1288-1417,1419-1526,1870-2119,2122-2255"
"ilpgbt9s",""
"ils343c3",""
"im73s0cz",""
"imrtk62n",""
"imw8l55p",""
"in2fmask",""
"inlbi9fl",""
"inxcs2xw",""
"ipi18tvi",""
"iq121t2h",""
"iqy93s77",""
"irvczpu8",""
"is2ti39v",""
"isnjvqt7",""
"isssj6g3",""
"itjk6ql7","445-520,960-1053"
"iue1ubvc","114-269,271-402,547-663,868-998,1129-1251,1259-1334,1437-1518,1663-1792,1794-1892,2094-2191,2253-2391,2606-2702"
"iue7tdnm","89-281,338-483,1143-1268,1544-1628,1632-1718,2165-2414,2417-2524"
"iv9sfyke","302-385,1246-1329,1459-1637"
"ivb3gxzv",""
"ivfd0k9w",""
"iw3db09b",""
"iww9ep26",""
"ixnaodb8",""
"ixtqufnv",""
"iz8ant3f",""
"j0br5lka",""
"j0g7sfp4",""
"j0lwlpfn",""
"j194hmf2",""
"j199mw7v",""
"j1kt78p4",""
"j1swf8g1",""
"j282yeqt",""
"j34b5xdw",""
"j3gc98g1",""
"j4aioswe",""
"j4fpc33j",""
"j4fxvzou",""
"j4ht1jz9",""
"j4jvfgp2",""
"j4zly6fg",""
"j5dtj0bg",""
"j5ih0x3x",""
"j5pokidh",""
"j5ymkrll",""
"j61ydyk1",""
"j6k6od22",""
"j6r6nxla",""
"j6saazo0",""
"j7asllet",""
"j7uzq03g",""
"j7vklhbc",""
"j8j0v3zu",""
"j8p2lt7y",""
"j8te8vlz",""
"ja09tyf5",""
"ja56a5ud",""
"jbsz5y4i",""
"jdbl8kku",""
"jdc4kfcz","3-1358"
"jdq8lpfb","257-377,1157-1240,1243-1328,1398-1485,1755-1892,2481-2721"
"jdxqltc1",""
"jdybgfoo",""
"je68ra4v","1713-2024,2042-2151,2260-2341,2659-2747"
"jepcmzez",""
"jeu4ud7j",""
"jey8927a",""
"jfeoow7n",""
"jfeqt497",""
"jfujwz4q",""
"jg603kkp",""
"jh1gsyta",""
"jhcamvf9",""
"jhzb8sh9",""
"ji8ocnn4",""
"jiomawxn",""
"jj1jtoj0",""
"jjr1nce1",""
"jjycna7l","1291-1370,1574-1660,1796-1877,2338-2434"
"jku7o8ik","1-1022"
"jky3jk2e",""
"jkyoif0o","240-338,392-582,633-730,757-872,1144-1344"
"jl4e8fyq",""
"jlnhnl0h","1197-1328,1644-1748,2069-2147"
"jm9r2m1f",""
"jmtnln4b",""
"jmud3scx",""
"jnll741v",""
"jowusser",""
"jp3nnnus","80-154,286-387,399-536,545-634,766-878,900-984,1193-1299,1372-1631,1642-1739,1882-1977"
"jpbgp432",""
"jpf9qxrs",""
"jr6gr7ka",""
"jt5ekjs6",""
"jt8y1wd7","1375-1451,1639-1772,1775-1857,2069-2208"
"jtgpxbik",""
"jtspa4wm","56-144,1670-1778,2100-2186"
"juyz51nv",""
"jvtc6uj9",""
"jw91931x",""
"jwb4gua2",""
"jwzcfmia",""
"jx7isd3h",""
"jxdbyrar",""
"jxrgn72l",""
"jxvvig9j",""
"jy4bvlzo",""
"jy5oz3w8","1136-1233,1284-1371,1441-1522"
"jykh33ni",""
"jyoesdxb",""
"jz7mgpl5",""
"k1pezpna",""
"k1v0ar02",""
"k2pirx91","1225-1392,1478-1607,1616-1718,2056-2303,2308-2442"
"k2r0wy6e",""
"k3rdnfnd",""
"k3wrwiao",""
"k3zkxeb5",""
"k48aptuy",""
"k4humbk4",""
"k4l82uc4",""
"k52nqk7t",""
"k62775wm",""
"k6mx0v4r",""
"k7dgl9tt","1250-1355"
"k7f54mvp",""
"k7u2munw",""
"k8lija8p",""
"k9otabe1",""
"k9vginyz",""
"ka4xfvq7",""
"kathwvhe","197-278,952-1050,3523-3698,4390-4464,5419-5514,5577-5671,6322-6496"
"kawolk0f",""
"kawtrsrm",""
"kaz4vswr","174-262,347-457,563-693,968-1057,1061-1136,1166-1279,1555-1639,1642-1730,2176-2426,2429-2535"
"kb7fmfkq",""
"kc1k6klg",""
"kck1tvy0",""
"kdbokkox","1261-1337"
"ke6we987",""
"ked6x2ze",""
"kedqwle2",""
"kedzrmsy",""
"kepdb201",""
"kfvilvfj","181-268,273-394,594-848"
"kgbf251d",""
"kgfucea3",""
"kguazz4c",""
"khcxjy97",""
"khzxv00t",""
"ki8pmaki",""
"kicfym3o",""
"kigppv36","1226-1309,2090-2168,2456-2548"
"kjh7aga8","1-75,189-278,475-562,584-729,905-1121,1124-1348"
"kjsrehl3",""
"kjw51asi",""
"kkrlwtew",""
"kl4kioaz",""
"kl5ixv00",""
"klbba841",""
"klmlbcyf",""
"km99nxxx",""
"kmjvl2w9",""
"kmwxlz4h",""
"knlq7t48",""
"knqdbnvs",""
"ko6975r7",""
"kod0zya8",""
"kpf5vak4",""
"kppkd4g5",""
"kpxn1zhu",""
"krd2eo5l",""
"krh7yyyb","76-222,280-467,731-825,885-992,1061-1359,1413-1626,1633-1738,1887-1971"
"krmbs1cx",""
"ks03fqcu","187-265,269-527,713-823,828-947,1813-1918"
"ks1sqwqk",""
"ks6fguqk",""
"ktguj80q",""
"ktxql7l2",""
"ku1ik1ze","3949-4028,4061-4142,4216-4333"
"kvwnq0ao",""
"kwfxa4um",""
"ky5q2z8k","303-386,389-536,760-899,928-1129,1235-1481,1552-1645,1732-1806,2062-2164,2218-2298,2406-2481"
"kyvjjl6v",""
"kzeden3t",""
"l0f41mtb",""
"l0f6kshr",""
"l0h8ady7",""
"l0pabwiz",""
"l0xtuna1",""
"l162unod","275-414,1206-1280,1709-1783,2048-2190,2280-2388"
"l1dnnrie",""
"l1wxt9gm","598-704,733-854"
"l29a23k4",""
"l2brbkim",""
"l2jzi7fz",""
"l2stoigw","1215-1310"
"l2xvv3zh",""
"l40g3ckg",""
"l4uhqnnu",""
"l5aldg8a","1226-1313"
"l5pedvme",""
"l5zmsnlx",""
"l70dfwqp",""
"l70nk12i",""
"l7h0kwvd",""
"l7i8hw9p",""
"l7v2qxof",""
"l7y3v7v8",""
"l87l2944","87-183,1207-1321,2173-2248"
"l88m93wd","138-217,829-910"
"l8dxoc5u",""
"l8ll6edf",""
"l8lx9mo9",""
"l9decbi9","1110-1251,1260-1362,1400-1553,2495-2571"
"lah86x13",""
"lar1p97f","194-289,610-714,741-864,1133-1223,1225-1354"
"lasu4ib2",""
"lb79bc21",""
"lbaf99ib",""
"lbeilupy","1642-1716"
"lbfgpk0m",""
"lbmvvrcm",""
"lboeke16",""
"lbu7h7f7",""
"lcelpzsm",""
"lckcq9a9",""
"lcy7srow",""
"ld0r5viq",""
"ld5c7utc",""
"ld8ks0mw","76-181,298-401,410-498,527-602,1176-1277,1356-1627,1652-1734"
"ldqim11b",""
"ldsv3qnk",""
"ldxmirid",""
"leljd7w6",""
"lesoxfbs",""
"letl5pvp","2062-2177,2281-2367,2418-2528,2599-2684"
"lezi8lit",""
"lf7jcm9o","942-1032"
"lf91k2he",""
"lhluvdnw",""
"lhonyo7h",""
"lhs15wry",""
"lhzs740m","1242-1344"
"lif1lrj9",""
"ljinkn3k",""
"lk93ysem","1241-1348"
"lky3ovgr","795-926"
"llmi2urb","237-311"
"llyvh1lb",""
"lm04p6t1","9184-9266"
"lmd9an6y","442-519,2290-2390"
"lmi0scai",""
"lml1tqgi",""
"lpaguh30",""
"lpdroo5y",""
"lprvg3m2",""
"lpyoml1f",""
"lqf11azb",""
"lrlci6x6",""
"lrm3stj5",""
"lrnk78x7",""
"lsbfih8j",""
"lsjahb8d",""
"lswk2wmc",""
"lsyob3ip",""
"ltg7d30i",""
"lthkgz1y","1-226,686-1354"
"ltip2hex",""
"ltmetsp8",""
"lu5432kw","28-133,1306-1383,2178-2252"
"lu9vlzsf",""
"luwok6sc",""
"luxdkbbg",""
"luzxmvd0",""
"lv29j491",""
"lvjxml88",""
"lvuxzrt3",""
"lw9ira72",""
"lwvg6h1k",""
"lyc1co7t",""
"lyrgls10",""
"lz4088jn",""
"lzfp80qb",""
"lzlfrf9b",""
"lzmmv6rg",""
"lzxgplv1",""
"m003z37e",""
"m00sr462",""
"m0kacxse",""
"m0mqu759",""
"m0t9mzxw",""
"m0xjzu5u",""
"m15djwua",""
"m1x4wja5","119-218,259-340,409-570,2981-3055"
"m28akv6k",""
"m2t517w5",""
"m30sejlh",""
"m42xf4uz","496-741"
"m49vkt9b",""
"m4lfj790",""
"m50j3fll",""
"m55x3gus",""
"m5nxueqi",""
"m5uyojm2",""
"m6papp0i",""
"m6ulugip",""
"m6vpfiny",""
"m73vy2o0",""
"m78xbvff",""
"m7gebsub",""
"m7o469nv",""
"m7y38816",""
"m7ya1fz2","196-277,1152-1226"
"madkn1ex",""
"magzi0r8",""
"mbl586yf",""
"mbtyhk3f",""
"mbwf3stu",""
"mc7jcjf8",""
"mcn9f1o2",""
"mdlpmj3r",""
"mdsmwwkv",""
"mewawu7v",""
"mfaoxoay",""
"mfgpz6rj",""
"mfl7qoec",""
"mfoejxvf",""
"mgtly2bo",""
"mgy3zw2e",""
"mhxg7zbj",""
"mi1oj23f",""
"mike381u","113-187"
"miz6aerp",""
"mjsdukfr",""
"mjshmbe0",""
"mkkar02p","2-77"
"mkwn9oaj",""
"ml8d03ph",""
"mlzhu87l",""
"mm88vrfk",""
"mmickejm","2149-2238"
"mmqqo9wk",""
"mmuii4te","3729-3821"
"mnabld8u",""
"mnn5x6eb",""
"mnrbkwew",""
"mnv5x1ij",""
"mot4cg9b","221-307,1255-1358"
"mot7uxl8",""
"mph838ii",""
"mpr3litt",""
"mpu6vr3u","1280-1356"
"mq2x6vr4",""
"mr1vgq25",""
"mrmcjqv3",""
"mrold7ir",""
"ms33dvsd",""
"msgq723f",""
"mshu8e1e",""
"msz28748",""
"mt58b05b",""
"mts5cqix",""
"mtu1s73a","236-327,330-588,618-710,714-918,1254-1346"
"mtzgu0j7",""
"mu3uv3jw",""
"mu473wf5",""
"mu7w353z",""
"muw9yu3k",""
"muxdkpuz",""
"mw29p3hv",""
"mw9sksie",""
"mwgj8qa3",""
"mwofyyok",""
"mwwk1gy0",""
"mwx999so",""
"mxv5rk9q",""
"mxzpiy7x",""
"mz4andk2",""
"mzpam6vq",""
"mzpk44z6",""
"mzy23dy0",""
"n03j179p",""
"n099fjqb",""
"n0lw994x",""
"n25tatxm","253-350,470-561"
"n29jjfkz",""
"n2lnlvvs",""
"n3lgnt98",""
"n42gkhh3",""
"n4m3g11y","95-495,499-646,778-906,918-1006,1019-1153,1360-1444,1891-2313"
"n4n6uere",""
"n5sik8r6",""
"n71fp7ry",""
"n737kl4i",""
"n7fba58v",""
"n7fkun37","370-498"
"n8c9jsfr",""
"n8fw8qu5",""
"n8o5u3i7",""
"n93mc6ki",""
"n9bc9arn",""
"n9fduz6j",""
"n9h3gsla",""
"n9rd7c1q",""
"n9yi7up0",""
"na5k5p6i",""
"nahwkx22","1524-1598"
"nao1bzp8",""
"nb48exd1",""
"nbb46vql",""
"nbskeorl","1186-1272"
"ncg405x0",""
"nclx8gtp",""
"ncphfmgu",""
"nd8jge94",""
"ndaxyl7f","1020-1111,1233-1328,1463-1569,2116-2200"
"ndbka27t",""
"ndgolyqs",""
"ndi7lcdu",""
"ndoo1yna",""
"ne06tm0v",""
"nej5cvj2",""
"nf6qoqzu","1-1236"
"nfidmt2d",""
"nfs8qzle","169-329,653-741,750-829"
"nfzo1rbi","262-1876,1879-2062,2074-2150,2157-2387"
"ng55ab62",""
"ngaabx3a",""
"ngn9uhrp","346-433,670-751,758-832,2352-2433,2436-2548"
"ngp45sc4",""
"ngr4lueq",""
"ngs3t88c",""
"nhi41pdc","584-685"
"nhr4b9sx",""
"ni0qpf0a",""
"ni7ms70b","216-292,1226-1321"
"niy328ff",""
"niyt4r4u","5-398,401-873,875-1392,1394-1478,1492-1905,1934-2127,2130-2318,2320-2935,2938-3096,3100-3589,3595-4163,4166-5512,5639-5750,5756-5841,5855-6216,6218-7090,7104-7422,7426-7531"
"njadv47n",""
"njbw70pe",""
"njg9rqm3",""
"njj662y6",""
"njl613cx",""
"njnazhe2","1-183,290-1920,1955-2052,2059-2199,2243-2475,2479-3053,3057-3171,3176-3409,3521-3909,3911-4088,4091-4776,4783-4859,4886-4984,4991-5065"
"njp9k7ik",""
"nk1enugr","1356-1434"
"nk42l0ez",""
"nk6rkw9u",""
"nk8ehrub",""
"nkp0rxnk",""
"nkz0n8ry",""
"nlymx1ji",""
"nm5iylku",""
"nm5y3tox",""
"nmbejkic","262-405,1175-1249,1397-1471,1639-1721,2239-2321"
"nmu1j89m","1-1017"
"nnb9w688",""
"nne7d7kl",""
"nnni89tu","9200-9290"
"nnq473ny",""
"nnv2eno0",""
"no8j63r2",""
"noqjanhl","548-645,836-950,1077-1160,1239-1363,1474-1571"
"npa5foso",""
"npm99qhm",""
"npzb1m65",""
"nqaq9hie","569-644,891-982,987-1072,1408-1508,1885-1959"
"nqfy92en",""
"nqn23g8r","169-253,1022-1128,1286-1367,1703-1824,2463-2542"
"nqpii0d3",""
"nqt5kp6i",""
"nr05siry","1-2723"
"nr6smcqu",""
"nsc859hh","1644-1848,1989-2082"
"nscizcze",""
"nsuvmr06",""
"nsv8l5yv","1156-1331"
"nszuf6f6","188-268,1849-2070"
"nted4ime","120-1313,1399-1488,1980-2085,2088-2204,2228-2460,2472-2556"
"nu0gqdki",""
"nub1gzsc",""
"nut0bbjt",""
"nvuq6hf2",""
"nwiz57gu",""
"nwlr7rmb",""
"nwzrera6",""
"nx65e32v",""
"nx6qfpyr","2600-2692"
"nxenjuho",""
"nydpvp5n",""
"nz5et0s4",""
"nzhcpqnt",""
"nzv0dn6z",""
"o0jo7qgu",""
"o0kj0nzq",""
"o11bk2ko",""
"o2gkimyk",""
"o2ikhew9","65-502,517-682,726-831,886-1009,1012-1268,1290-1365,1448-1632,1745-1851,1855-1938,2153-2255"
"o2oxm235","1521-1596"
"o36xhema",""
"o3j9ok95",""
"o3zd3hr2",""
"o4hs0qcn",""
"o4ofdyyr",""
"o6g9f7oq",""
"o77p1wx8",""
"o7j5dgk1",""
"o7qy4ck4",""
"o7t2bu6p",""
"o8jqx2xq","258-342,1401-1483,2183-2270"
"o8v8t7aw",""
"o98hgw73",""
"o9bl20ly",""
"o9jrhiof",""
"o9q5x4mw",""
"obiij94d","1135-1212,4034-4115,4160-4244,4646-4731"
"obikp9dr",""
"objdgs5x",""
"obtvir75",""
"ockog2id",""
"ococ6ifi",""
"ocy3iuj6",""
"od8n1tzd",""
"oes2bqq6",""
"oespandq",""
"of0ndp6j",""
"ofn57bl3",""
"ofzrq2h0",""
"oh0u1sr8",""
"ohqqmpx2",""
"oi7k1541",""
"oi9wr2ia","675-787,1619-1695,1997-2115,3592-3668,3672-3773,3817-3891,4071-4165"
"oivbbfzo",""
"oj4bxst1",""
"oj4s7rw8","169-253,972-1128,1286-1370,1469-1564,2478-2552"
"ojw3iuld",""
"ok0ye7er",""
"okf7xqzn",""
"okix2nq6",""
"okk2g5l7",""
"oktg616b","638-716,2056-2132,2521-2596,2884-2965,5205-5329,6380-6471"
"okve1vnx",""
"oli7uaqm",""
"om9ltl4g",""
"ons9tybo",""
"onw6up2h",""
"oo6e8nky",""
"oor6yutc",""
"oowxb5vy","1226-1308,1661-1760,1901-2016,2342-2430"
"opdhq2z1",""
"opzfgoxl",""
"oq8df96k",""
"oqjp218g",""
"oqlahig4",""
"oqljnab4",""
"oqwssff7",""
"orhpezkr",""
"ortervyy",""
"os3dxzdn",""
"osp9k85l",""
"ot8yz0tl",""
"otzl6rld",""
"ou7xods7",""
"oudndfjn",""
"ouhsvf5i",""
"ovnnaftm",""
"ovno0rfz",""
"ovq06q1c",""
"ow09fq75",""
"owbfn7zg","284-388,395-539,544-634,766-881,892-996,1193-1299,1379-1612,1639-1718,1888-1982"
"owkib73z",""
"owqmsw7t",""
"owytanbq",""
"oxupjoad",""
"oy79cih8",""
"oyj52y34",""
"ozhnydo4",""
"p03jwye5",""
"p0be0o3i",""
"p0lqvrzu",""
"p0rh1d9a","1-2620"
"p1cha9i4","5209-5332"
"p1xled4w",""
"p20hs8ax",""
"p26064z3",""
"p27w8qf7",""
"p2wra3w0",""
"p3cwizjg",""
"p3fxphox",""
"p3tr2qcx",""
"p4di7dyg",""
"p56hdxny",""
"p59szzwz","278-429,1742-1821"
"p5o6revi","1398-1478,1511-1586,1673-1785,2094-2250,2281-2397"
"p60h26es",""
"p6wn8npt",""
"p7k8rwq4",""
"p7uy4cls",""
"p818ayqd","1735-1809"
"p884yljn",""
"p8kybcxd",""
"p8mzg5hl",""
"p97juije",""
"p9jn74mi",""
"p9jq0h5w",""
"paf93u5t","558-658"
"pbfmemtd",""
"pdg7xx35",""
"pertx8wm",""
"pet5dyzg",""
"pf8glg5s",""
"pffw0gwt","112-187"
"pfpnrxu6",""
"pg74e2kz","5720-5794"
"pg7q9ais",""
"pgcx8bfe",""
"phauuezv","12056-12140,14927-15057"
"phun7ts4",""
"pixqhdp6",""
"pj3zdlcr",""
"pj6rrbxy",""
"pkk0c7t9",""
"pl9qm1t5",""
"plfp3tfg",""
"plihvg72",""
"plt7s46t",""
"pluimdtw",""
"plxw1kro",""
"pm3sbl5b",""
"pm88hgmb",""
"pmuovyza",""
"pnbn2fin",""
"po3192t4",""
"pq1itbb6",""
"pqezhoch",""
"pqm6etvy",""
"pqv770bl",""
"pqw3ipfn",""
"pr00uhya",""
"pr9dgab6",""
"prqddi2n",""
"prqzzw3p",""
"prvg1bky",""
"psk3gg1v",""
"pt4f0g5o",""
"ptkbnjco","264-465,537-618"
"ptl8mpmu",""
"ptwvg9vn",""
"ptx990pv",""
"pu6opebs",""
"pucup9xz",""
"puf7oirr",""
"pufotv30",""
"puhis9s8",""
"pv0ozxp6",""
"pvk9smoe","840-967,1517-1629,1669-1762"
"pvtk9h04",""
"pvy7si97",""
"pw4qj4f5",""
"pw7o2k5d",""
"pw9omrm9",""
"pwk8xtxx",""
"pwlhwath",""
"px43800u",""
"pxez7y0l","1826-1917"
"py68hyk1",""
"py6jp5nw",""
"py8qgn9v",""
"pyb0vqd8","778-925,1144-1221,1234-1313,2109-2198"
"pycr3w62","831-907,1008-1146,1296-1375,1512-1622,1736-1855,2136-2260,2409-2650,3281-3380,3387-3470,3845-3942,3979-4269,4521-4654"
"pyf9x4wh",""
"pzfggjlx",""
"pzsm7uro",""
"q0yxf5la","155-260,291-399,402-693,876-1035,1208-1295,1627-1708,1752-1918,1938-2117"
"q17zm1wa",""
"q1p4t120",""
"q25xc97h",""
"q2ckwg1b",""
"q2dim2di","92-187"
"q2nn37ek","2645-2751"
"q2z1n8yc",""
"q3e6iucz",""
"q3zexwse","1398-1472,1784-1862"
"q59tutvb",""
"q5psk2fc",""
"q5y2vvwv",""
"q61jkpg4","247-384,1345-1519,1696-1877"
"q6akcnqx",""
"q6feye6f",""
"q6lvljsq","671-807,1310-1411,1658-1744,1759-1844,1848-1922,2078-2160,2230-2321"
"q6p7itcm","152-246,1241-1338"
"q7pajud4",""
"q7qqgu9k",""
"q7zi07dn",""
"q87x26cm",""
"q8duxp4z",""
"q8iczwb9","1-89,1306-1387,5955-6040,6353-6470"
"q9donho2",""
"qam5bkpy",""
"qbk4uw9w",""
"qboihl6a",""
"qcc8r7xa",""
"qcls3oxl",""
"qcmm6sga",""
"qcvx6h2b",""
"qd711fw8",""
"qdgqlp5z",""
"qdkak774",""
"qdsqu39o",""
"qepmza7k",""
"qfoqyuai",""
"qfw1a8wx",""
"qgb7hk59",""
"qgscsvao",""
"qh5hxbfv",""
"qhdo92yx",""
"qhzqhbgo",""
"qi5mrts5",""
"qidh517q",""
"qikp1q98",""
"qj9477lz",""
"qjftl3lt","319-484,702-909,975-1068"
"qjnty841",""
"qjt50uut","18-141,192-268,271-512,514-661,664-761,887-994,1173-1485,1565-1644"
"qjumba24",""
"qjzahnja",""
"qkkt6yy6",""
"qkp36dg2",""
"qlr7uukr",""
"qlxv0az2",""
"qmxl0uzf",""
"qmy70la3","1-1352"
"qnfta50p",""
"qnmjcc6x",""
"qnu59ble",""
"qo0lmgmm",""
"qo6p3eds",""
"qp6k0wsn",""
"qpsrr6gu",""
"qqifui9p",""
"qqkvs8qr",""
"qql11e1d",""
"qrhnfccf","120-206"
"qt3ifzk2",""
"qt3rhwo1","788-920"
"qt54au1c",""
"qtf27wi4",""
"qtggid27",""
"qtksezuh",""
"qujjtnm3",""
"quve16y8",""
"qvhvlj50",""
"qwbpeddq",""
"qwlt5ymj",""
"qx6cq9oz",""
"qxae0zj9",""
"qxyyqj1q",""
"qyoa9gfe",""
"qys28ctz",""
"qzspmo8u",""
"qzuc4zfm",""
"r0y7c1yx",""
"r1s4jf61",""
"r1t5a7mf",""
"r1vnc8zz",""
"r2jgja54",""
"r2ywojt5",""
"r41k76z4",""
"r4iys9vg","493-599,1552-1721,2527-2606"
"r4p5nc7o",""
"r4t5b17c",""
"r5qleym7",""
"r5tv1no0","18-332,334-473,568-669,734-998,1043-1221,1432-1651,1670-1768,1771-1912,1951-2053,2086-2370"
"r62n5ph7",""
"r6jzurnb",""
"r761lgz5",""
"r7efllaw",""
"r7sj54ak",""
"r83a79o1","188-270,449-557,684-786,789-863,958-1085,1350-1450,1465-1567,1622-1696,1782-1860,1944-2122,2324-2401"
"r8ustu6w",""
"r9jcsarq",""
"r9qmsfac",""
"r9yjnzuy",""
"ra3hgk3r",""
"ra9usiyv",""
"racdaq4x","297-371,472-559,950-1025,1754-1828"
"rahtdj5p","912-997,1177-1251,1266-1390,1392-1614,1651-1730"
"rb3zxu3x",""
"rcfg7qh2",""
"rdafensp",""
"rdu1zol9",""
"rdzz8vlq","276-413,703-782,920-1069,2053-2135"
"repo4bku",""
"reua2v62",""
"rflwxlyq",""
"rfm3dl8j",""
"rgefxbk7",""
"riajtbin",""
"riv88z08","264-381,476-550,552-648,925-1007,1235-1415,1527-1652,1727-1961,2386-2519"
"rjouuj3g","723-838,2057-2131,5144-5282,5567-5688,6240-6440"
"rkk3ht0m",""
"rkl6i34n",""
"rkulgsi6",""
"rl0l1qlj",""
"rln8dwvg",""
"rlvox87m",""
"rm1eql3r",""
"rmd9ppfh",""
"rmg1wouh",""
"rmn3aafw",""
"rn1rsy5k",""
"rn644ks2",""
"rnhexsxx",""
"rnju8b2y",""
"rnvpv7fz",""
"rnyd3jiw",""
"roxtz4fg",""
"rp3w1cy2",""
"rp6u6nxo",""
"rpd62zls","2635-2711"
"rpi2zvy7",""
"rqo8us84",""
"rqtb72o3",""
"rqwzgp5s",""
"rrzm21gp",""
"rs9vzq4f",""
"rsqy3b83",""
"rszz1s9x",""
"rtgudfll",""
"rtxu5js4",""
"rvhpxtbq",""
"ryf7n7nm",""
"rz19bqoi","1212-1342"
"rzianrr5",""
"rztshzwm",""
"s0hw8vfp",""
"s0s757yi",""
"s0xtbdmu",""
"s0zvzjj6",""
"s2cakstm",""
"s2ko4uz1",""
"s32ndk5b",""
"s39wabz3","571-681,1272-1371"
"s39wrjjr",""
"s3j5dyba",""
"s3u77fju",""
"s3ziopae",""
"s43xgbko",""
"s4wmp36m",""
"s59b8841",""
"s5rrljtd",""
"s5yvtdx5",""
"s63jqmoz",""
"s6yaadw0",""
"s753j7we",""
"s78t5kdt",""
"s7ajcqwm",""
"s7fz4a3k",""
"s7whs8aw",""
"s81zu3wq",""
"s856ef5p",""
"s86vn1ie",""
"s8dcegh2",""
"s8lmmdyl","1244-1354"
"s8no6n9b",""
"s8rpz47f",""
"s99q2em5",""
"s9zwaa4h",""
"saweqklw",""
"sbnmm4j0",""
"scl2rida",""
"scvrt0pr",""
"sd3stggw",""
"sdcpch8k",""
"sduguncy",""
"sduh2zxk","666-815,853-945,1239-1345"
"se3of3o8","1311-1385,1447-1526,1611-1711"
"sehtdceh",""
"serde0oy",""
"sh9iplsi",""
"si3gergn",""
"sizmsk5z",""
"sjnwv4eq",""
"sk105vtp",""
"sk8qcyo3",""
"skb28vof",""
"skz5h36k",""
"sles23hr",""
"slg9sosn",""
"slvsgolj","127-201"
"sm0h5fcj","229-473,567-669,707-864,866-1062,1066-1192,1211-1374,1376-1570,1618-1853,1945-2159,2221-2451,2461-2548"
"sm2b35tl",""
"smf8x7s6",""
"smfj8u5i",""
"smlsc3gg",""
"smm03zbf",""
"smmr6tqq",""
"sna3un2z",""
"so2gs4y0",""
"so73vmi3",""
"sp7aldf5",""
"spdtpy69",""
"spirbl3c",""
"spq2ua59",""
"spqhdm37",""
"sps5q0l0",""
"spv8uwm9","83-175,1200-1320,2171-2261"
"sq11r1o4",""
"sqewr7s6",""
"sr0cmk8r",""
"sr8i0o44",""
"sraxvcp3","784-867,1015-1106,1112-1211,1674-1807,2323-2410"
"srr70r78",""
"srwozw7g",""
"ssfrss60","516-618,1087-1194,1408-1487,2535-2609"
"st0i8m8x",""
"sud66xv5",""
"sujztqys",""
"sus1jdbq",""
"sv2qvoqw",""
"svaiyjyn",""
"svm0znif",""
"sw9nnxgf",""
"sxb7nnu2",""
"sxmd85k2",""
"sy09u2tw",""
"sy1f20fe","78-233,282-427,438-538,892-997,1001-1115,1376-1624,1644-1728,2259-2353"
"sy2z5o0l",""
"syow8a58",""
"sypj02lo",""
"szgiszci",""
"t0c4806q",""
"t0p0m518",""
"t1jlfp3z",""
"t225uyx7",""
"t2h8xvfk",""
"t2ppu39d",""
"t2r0u9tr",""
"t3hailaz",""
"t45ax7d2",""
"t4er406c",""
"t51jp9ll",""
"t540l1gx",""
"t59tuvoz",""
"t5a3gndl",""
"t5osphdk","319-394,1454-1579"
"t66woxya",""
"t6j4nb3i","1688-1763"
"t7dpzysc","1742-1893"
"t7thicrw",""
"t9mv21sn",""
"t9s4x77m","299-379,745-827"
"takgw8pc",""
"tayfj9st",""
"tb4g3poe",""
"tb4gv082",""
"tb8iljvo",""
"tbid7x9m",""
"tbrwsxwg",""
"tc5pqprq",""
"tccaqbjv",""
"tce98yov",""
"tcki5f04",""
"tdls8zcc",""
"te16aksc","331-486,562-737,768-905,1059-1163,1418-1615,1682-1771,1790-1877,2341-2421,2426-2521"
"tec6nmqc",""
"teiio9zx",""
"terb3ug4","1-275"
"tf9rd5pq",""
"tfyvouo8",""
"tga356dj",""
"tgatnkpt","1-77,229-766,806-989,1072-1181,1183-1275,1280-1486,1489-1564,1567-1646,1708-1798,1878-1955,2000-2111,2147-2249,2312-2393,2395-2512"
"tgbvwwlz","59-300,303-498,1728-1807,2251-2327"
"tgm1zor4",""
"tgxp628a",""
"thd2dqby",""
"tht09ves",""
"ti2e6xof","289-368,595-672,746-828,830-906,2285-2360"
"ti2fxkqu",""
"tiih1hmv",""
"timl5b4e",""
"tiunowgh",""
"tjdn6bfw",""
"tjiq6ap0",""
"tjktclqg",""
"tjyta7ba",""
"tk4yo554",""
"tke5vlyo",""
"tkh1fuj7",""
"tkjwgu7y",""
"tkndku74",""
"tkzatppx",""
"tkzjhojh",""
"tlda1isw",""
"tldy3pd8",""
"tlhsk1z9","1773-1893,1927-2002,2339-2435"
"tlu3ffia","30-151"
"tmqjj1kj",""
"tn9ebp47",""
"tnzuqwz1",""
"tnzysqz9",""
"to3ueqah","256-357,364-449,912-995,1403-1501,1677-1763"
"tohs5r8b",""
"too0ne6h",""
"tov6pkku",""
"tp2wuwz3",""
"tqaz7wf5",""
"tqgxg2cp",""
"tqs35kf0",""
"tr3dqskc",""
"trvqrltn",""
"tsdjnpn6",""
"tsj30x2r",""
"tsseypuu","1106-1189"
"tswgesbu",""
"tt53gpv5",""
"ttc8gs49",""
"ttiyv5vr",""
"tu4s1im8",""
"tu8b92tx","474-560,950-1025,1754-1828"
"tud04tx7",""
"tulnyc6b",""
"tum7nrw6",""
"tupo6gj2",""
"tuqcwuo8","6207-6300"
"tuwpfjvb",""
"tvbf7jb6",""
"tviqkamt",""
"tw0nwtro",""
"twtw30lc",""
"txms39tn",""
"tz2ee2ml",""
"tzm9fzgz",""
"tzqsobxv","2645-2750"
"u04z6pyh",""
"u0eyuvc4",""
"u18u4hx2",""
"u1hlphem","12051-12134,14921-15052"
"u1u78zkr",""
"u1vl2o7b",""
"u2gfybsi",""
"u2hkxv3g",""
"u2mz0478",""
"u32m7b2r",""
"u34gpmty",""
"u36oz1oh",""
"u3e0pasl",""
"u3v7qpya",""
"u3xl7xfs",""
"u4atwo1s",""
"u4vth9j9",""
"u50u7xyo",""
"u5imek0u","1-76"
"u5sozm40","1720-1798"
"u663r5dg",""
"u6d6ojd9",""
"u6gy5nhg","683-792,803-900"
"u6wl6efc",""
"u70u89n0",""
"u7oe9c4j","150-241,288-454,658-736,986-1063,1072-1158"
"u81exkd5",""
"u87clbc3",""
"ua31999a",""
"ua68kjw2",""
"ua9kugzw","155-243,497-574,636-729,1053-1183,1186-1321"
"ualyxksy","159-237,359-496,571-691,773-859,1024-1107,1112-1220"
"udb8v0px",""
"udch2y4f",""
"udl2qn44",""
"udme46p0",""
"uf2gl4ch","240-337,395-485,490-581,629-729,755-873,1143-1343"
"ufatgif1",""
"ufidps2u",""
"ufnv8o75",""
"ufo0fxwz","1129-1247,1544-1627,2549-2626,2793-2868,3832-4011,4015-4190"
"ufx9pi0v","1-75,452-552,966-1048,1238-1388,1418-1702,1768-2123,2125-2203,2303-2406,2673-2753"
"ug961l43",""
"ugibyvwz","1135-1219"
"ugmgik25",""
"uhc04ajp",""
"uhjbgp9w",""
"uhrxzc0r",""
"uhutgzoy",""
"ui06jybx",""
"uihfgb4w","169-246"
"uiucst16",""
"uj3wifp4",""
"ujf1v0z7","1527-1626,1628-1743,2312-2386,2979-3075,3078-3176"
"ujf8ab9b",""
"uji5q7tv","64-170"
"uju4ia52",""
"ujvbz6h2",""
"ulm845a9",""
"ulr3dds4","119-211,260-370,1218-1342,1401-1516,2213-2356"
"um4ojfts",""
"umezg0ew",""
"umih2ii8",""
"umrrv38v",""
"undl256h",""
"uo5esbfq",""
"uod6yl3n",""
"uor49lcv",""
"uospvxxq",""
"uozanbxl",""
"uoznqzik",""
"up03jafn",""
"up3ejujj",""
"up5px5l5",""
"up9y3vyl",""
"upif0jbu",""
"upipcdth",""
"upjo2s4b",""
"upst4t78",""
"uq30ferh","1156-1237,1243-1329,1399-1483,1754-1887"
"uqaxfm6j",""
"uqjm4tlw",""
"uqmhrp0x",""
"ur6e3eq7",""
"urn66bsp","213-302,2158-2238"
"urzl0cob",""
"usuoocz0",""
"usvsrzjk",""
"uthr28wp",""
"uus5ckrm",""
"uv12e4pf","6207-6300"
"uvpqxjxv",""
"uvwpsx2g","1317-1395,1558-1637,1650-1751,1792-1870"
"uxe4c2rh","2728-2802"
"uyfruc7q",""
"uyksp7t3",""
"uynzona8","129-275,280-517,523-713,763-1171,1173-1388,1478-1607,1645-1725"
"uyugjl8t",""
"v0lbzw18",""
"v1je258p","1412-1486,1662-1747"
"v27zpfje",""
"v2h0pasu",""
"v3c0s05u",""
"v3rnjrlw",""
"v3tb5tsk",""
"v3w3g665",""
"v3x7acn2",""
"v3zkwx6r",""
"v5hgqtqk",""
"v6d3xu58","5-79"
"v7ggw9q0",""
"v8gfe7tm","2033-2203,2207-2299,2303-2379,2482-2562"
"v9f38w5r",""
"v9tnx1is",""
"v9w93afv",""
"va3pbhk5","212-455,600-706,812-913,1107-1212,1292-1548,1561-1646"
"vajtrm7i",""
"valkfrdg","1491-1590,1731-1845,2171-2259"
"vamg0x0i","466-547,931-1072,1085-1159,1444-1574,1651-1766,1973-2118"
"vbnp7cgw","1-17039"
"vbt89c7r",""
"vbu16kve",""
"vcet7yny",""
"vcn1mf0d",""
"ve337pvt","1285-1367,1848-1949"
"ve8tizgh","278-394,705-797,1375-1538"
"vejds3ix",""
"veko663w",""
"vfegl86o",""
"vfh8af9s",""
"vfw4jl3x",""
"vh0ydwvc",""
"vi8ls153","953-1063,1100-1176"
"vig1y4nu",""
"vin8g4od",""
"viniv4yu",""
"viwy1zb8",""
"vix4gepb",""
"vizzwrff",""
"vj9wigyj",""
"vjoeqxct",""
"vjogjkzo",""
"vjogqag7",""
"vjr7fjn6","1721-1801"
"vjvxv0rv",""
"vk0dvzxw",""
"vkrhdkkp","609-715"
"vl0p68tg",""
"vl9gg21y",""
"vn7t9bfp","1-2725"
"vnhgrj8i",""
"vnryhho2",""
"voimcy9x",""
"vonmfl9b",""
"vozbp3ft",""
"vpe232za",""
"vpfaqiil",""
"vq2natg8",""
"vrkfwbwd",""
"vrvq46gi",""
"vs4lr0ya",""
"vth8wgfr","130-229,232-387,505-766,770-869,871-992,1492-1571,1684-1783,1845-1919"
"vueoserj",""
"vuum5ajp",""
"vuxx8hbn",""
"vvn76mm5",""
"vvuiu1sh","1-243,1196-1385"
"vwlj81xw",""
"vwrewj2m","1675-1749"
"vy5f2d39",""
"vyck3a84",""
"vyjrykp1",""
"vz7jp3de",""
"vza1fxor",""
"w04rjw9u",""
"w0xcduse",""
"w0xvi9tu",""
"w0ywx5lp",""
"w2b25wxj",""
"w2gm8owk",""
"w30opkeq",""
"w38x539i",""
"w3nnixod",""
"w3tqrmgj",""
"w3vwbr5h",""
"w41moq13",""
"w528v81t",""
"w5oypugn","1673-1858,2086-2218"
"w6ra4r0j",""
"w6wk3opw",""
"w6zfq9jb",""
"w7obir08",""
"w7xi3fm2",""
"w86ra0ko",""
"w8okj0tr",""
"w8vs8lw7",""
"w944183f",""
"w94dlb2p",""
"w9at4a6o",""
"w9fwoiw3",""
"w9kxi0sn",""
"w9obnkec","870-945,1239-1327,1500-1695,2155-2230"
"wagchhes",""
"washazm0",""
"wba55x13",""
"wc53082f",""
"wc9fgiwq",""
"wca4ro6d","47-121,241-315"
"wceunvc2",""
"wcz4pb9q",""
"wdcty9qh",""
"wdq61uob",""
"wdwwvd7r",""
"we7h8ag6","1156-1232"
"wekn4vx1",""
"wf4bhsdk","55-295,299-446,497-647,781-917,920-1017,1019-1158,1387-1562,1567-1658,1720-1796,2090-2183,2565-2657"
"wfm3mcm7",""
"wfu23exz",""
"wg8r7452",""
"wgb21nk5",""
"wh58bfw2","270-360,571-653,706-857,889-992,1020-1163,1186-1283,1411-1516,1674-1787,1987-2074,2150-2245,2553-2659"
"wh70mj1l",""
"wh7fzy9c",""
"wha56abo",""
"whj15gyd",""
"whndfvej",""
"whpsrcyi",""
"whpt8nfj",""
"wijx6b4j",""
"wjcck2gz",""
"wk6qpu15",""
"wkx1zx2p",""
"wl7masff",""
"wlae96qv",""
"wlflnoas","795-869"
"wlzuiehh",""
"wmcbxg3l",""
"wmcub63n",""
"wmjbvkib",""
"wmpw4k9p",""
"wmq86x3u",""
"wmzqtmcc","222-308"
"wn1dn1rc",""
"woo6fqjj",""
"wooh05o9",""
"wpaw060e",""
"wpyyab4t","96-186"
"wq2rkl1f",""
"wqsyij2z",""
"wr57qqxq",""
"wrb2uc8s",""
"wrrzxt4g",""
"ws2zhqnh",""
"wsaec3ed",""
"wsdf1vv0",""
"wtf6ecje",""
"wtyc96x1",""
"wud42yah",""
"wuf8wjhh",""
"wv62fdpe",""
"wvf7rkzs","515-617,1129-1206,1634-1715"
"wvlys7k0",""
"wvujuoyy",""
"wvv164l1",""
"ww63v7p8","4119-4213"
"wwjose7s",""
"wx5xs67i",""
"wx66h8og","1-173,178-353,2442-2791"
"wxcxh743",""
"wxn762t4",""
"wxuxwhvp",""
"wy2xzvlg","290-371,1207-1324,1360-1451"
"wybsnui8",""
"wyfrf4mw",""
"wz304oxp","1104-1189,1276-1350,1529-1611,1629-1707"
"wzg3wmcw",""
"wzga20qp",""
"wzi9yll8","1458-1550"
"wzpj56v7",""
"x0akqzik",""
"x0eovtnb",""
"x0syyria",""
"x0vgt4tp",""
"x16r9xkt",""
"x1f7zb4p",""
"x1h3ytzq","302-384,537-645,692-847,1701-1799,2334-2413"
"x1jm6rdv",""
"x1ktdmdu",""
"x1tuva9o",""
"x30r5i0m",""
"x36gb4do",""
"x3acs99v","1462-1545,1550-1650,1655-1768,2274-2410,2775-2858,3000-3100,3103-3222,3613-3687"
"x3tezbpd",""
"x4aodmur",""
"x4f7qd9a",""
"x58ch06i",""
"x5q7jbnm",""
"x6l47fl5",""
"x6z33coc",""
"x6zu5phi",""
"x7410aj5",""
"x7k1vb1x",""
"x8es8cvt","1063-1159,2205-2325,2537-2612,2943-3119,3121-3206,3351-3440"
"x8jpljh8",""
"x8nsre8s","93-181"
"x8zwothr","29-136,139-258,1235-1399,1489-1568"
"x93hfnm2",""
"x9528j6f",""
"x9fhanhh",""
"x9k09iq2",""
"x9x758i2",""
"xa0aujkw",""
"xa5bqi5v","718-798,921-995,1077-1173"
"xaasrnkl",""
"xb2zkvxa","1438-1522,2250-2376,2752-2834,2975-3076,3111-3198,3587-3663"
"xbjxs5n3","185-267,302-443,748-829,923-1009,1161-1236,1632-1937,2005-2155,2507-2607"
"xbnh4nwo",""
"xc2jhly6",""
"xds5nft1",""
"xecybp3j",""
"xewt1kpl",""
"xggvzg5s",""
"xghsgzdf",""
"xh5nk7ig",""
"xhwdtbs4",""
"xiibs3a4",""
"xix6aht9",""
"xjajh507",""
"xjc5r6g4",""
"xju3g1pb",""
"xk8f1i6l",""
"xkwztnid",""
"xlg283er",""
"xllbhmbr",""
"xltacexx",""
"xmonejes",""
"xn99v68s",""
"xnp0e7jh","108-183"
"xnrzdt0a",""
"xp5lzgmi",""
"xpkbnz4t",""
"xpv21uh0","829-1011,1272-1362"
"xqffmh8a",""
"xqu74z6r",""
"xr1kascy",""
"xrq5isi9",""
"xrx1mgsp",""
"xsb64dpd","909-993,1459-1610,2087-2238,2274-2354,2592-2668"
"xt84bsma",""
"xtyj0oe4",""
"xu11u3h5",""
"xuz06zvu","47-122"
"xv3bkfq8",""
"xv518bj0",""
"xv84ydw2",""
"xwdbmqh2",""
"xwta108a",""
"xx108vg0","1439-1530"
"xycel9uy",""
"xympsdc7",""
"xytyjwts",""
"xzcrffmx",""
"xzdfo4n5","401-485,511-659,929-1003"
"xzhedxs2",""
"y0kax364",""
"y0upb61f",""
"y0x0vqwg",""
"y105qh5b",""
"y22xchl1",""
"y2d0hm8z",""
"y2fyrsv1",""
"y2ljsplh",""
"y339dbu9",""
"y3lvr69p",""
"y3ty82by",""
"y3xt5m37",""
"y4c7bu8l",""
"y4odqu7e",""
"y4rd7lkb","130-227,287-414,417-501,653-738,743-827,945-1150,1293-1419,1437-1539,1541-1641,1919-2004,2307-2382,2535-2656,2681-2755,2970-3129,3134-3405,3701-3821,3831-3975,4052-4296,4663-4770"
"y53lpxm6",""
"y56mo1ks",""
"y5bz923f","1258-1378"
"y5k34w8v",""
"y5qgl0gp",""
"y5x4pfzh",""
"y67992gx",""
"y69qx1iy",""
"y6v867ui","6315-6391"
"y7b8pktr",""
"y7e37kke","390-491,1363-1450,1722-1818,2275-2393"
"y8wdlddm",""
"y91x2b2e",""
"y9e0e2f8",""
"yah34j0x",""
"yatxfx64",""
"yc0nn4iu",""
"ycf6m8zc",""
"ycrpqhpc",""
"ycvl48gc",""
"yd00bj9h","37-462,479-627,633-731,767-843,1004-1186,1188-1340,1345-1506,1860-1938,2023-2173,2179-2382,2385-2497,2614-2723"
"ydlxnwli","1-737,740-844,915-1052,1055-1346"
"ye2dfag5",""
"ye2ne80d",""
"yegnqtrc",""
"yf0o3oo1",""
"yf43abg4","265-617,677-792"
"yfbqz7uw",""
"yghqwpet","747-824"
"yh79en2d",""
"yhlrphvm","416-524,528-786,834-976,1145-1293,1369-1448,1669-1795,2110-2254,2258-2357,2600-2674"
"yifuilcs","1052-1177"
"yiqmg2mh",""
"yiqmqz2g","556-632,1104-1210,1422-1501,1595-1686"
"yiu3mrdq",""
"yiyg828f",""
"yj0buoda","34-109,226-311,327-439,441-526,531-612,1039-1131,1308-1436"
"yk7youey","1737-1812,2282-2359"
"yk83550v",""
"yl0fd7oa","99-195"
"ylc5fy7o",""
"ylepjkkv",""
"yll6esiv",""
"ylo72czo",""
"ym6fgtlx",""
"ymjgt408",""
"ynltlbze",""
"ynniakxg",""
"yo4k3vm7",""
"yocj7mec",""
"yojmhqdz",""
"youl8djk",""
"ypsldd7m",""
"ypsnoata",""
"yq8ufffo",""
"yqy6kjo7","934-1011"
"yrj6o7hf","932-1007,1058-1134,1435-1510,1556-1641,2553-2628"
"yrkowdn4",""
"yrxq5llw","5728-5802,6803-6886,7361-7472"
"ys05m6k2",""
"ysdajhts",""
"ytoqdj4v",""
"yu7g15vi",""
"yuh6tg84",""
"yvf6n2qg",""
"yvxpkcib",""
"yw0iu0qp",""
"yw38ylno",""
"ywey3nu4","260-1067,1396-1478,2194-2396,2482-2721"
"ywl9yytc",""
"ywp67f5c",""
"yxfack2c",""
"yxj5aq42",""
"yxw83989",""
"yya7vg70",""
"yybo3vq2",""
"yyk756js",""
"yylbjiy4","195-311,727-847,908-987,1538-1613,1736-1829,2416-2540,2553-2659,2662-2889,3004-3152,3157-3292,3298-3380,3418-3574,4566-4726,5264-5345,5437-5583"
"yywb1xqu",""
"yz08jk3r",""
"yz6jext1",""
"yz9f259a","1249-1344"
"yza9f4a8","635-729,1056-1184,1186-1323"
"z0e7nse5","1186-1266"
"z0e9tkei",""
"z0jc1u64",""
"z1d8sj9x",""
"z1hwtzfe",""
"z2i27fbv",""
"z2qoby12",""
"z3tr27c5","1099-1200,1299-1379,1677-1768,2119-2193,2203-2360"
"z5h6yhun",""
"z5k8leor","1213-1350"
"z5ly8d8p",""
"z5uoic4z",""
"z62wrg74","1-142,152-226,241-688,888-1008,1069-1186,1191-1270,1292-1394,1446-1520,1984-2063"
"z6smwchl",""
"z6w52e4d",""
"z7cwn9ai",""
"z7vswz7c",""
"z9hs8khm","12-86,1305-1385"
"z9xvr243",""
"zajqud10",""
"zbhz6aiw","1232-1340"
"zbiaec4e",""
"zc4oxqqm","284-364,504-765,767-867,872-990,2074-2257,2292-2366,2407-2489"
"zd1caf80","377-451"
"zd90p0ra",""
"zdger8fz","5866-5941"
"zdnr9x7o",""
"zds6nxrr",""
"zdwdaqbi",""
"ze3nm4q3","1-2723"
"zewyrmh7",""
"zf9m8qv3",""
"zfble1qj",""
"zfc2nd26",""
"zh39yyer",""
"zh3rtuwz",""
"zirq7pw7",""
"zj05ynxg",""
"zj1wnukc",""
"zj7cub69",""
"zjdnh11x",""
"zkd2ge2w",""
"zl7pia3r",""
"zlsd8vpf","158-301,311-509,523-695,703-781,807-889,1113-1188,1267-1372"
"zlv00mg9",""
"zn0hwjvk","59-165,207-409,840-919,1886-1965"
"zo4436rf",""
"zo7psiz4",""
"zob2l9dn",""
"zoc5s5zg",""
"zoq45x2s",""
"zp7kmmih","5953-6040,6353-6466"
"zpsucipd",""
"zq94a1gv",""
"zqfumjoh","1679-1767"
"zqwc5l1b",""
"zrfiwwnx",""
"zrhak8nu",""
"zrnsirwb",""
"zs5acisd",""
"zsh6i3y9","131-280,282-518,522-715,765-1173,1175-1466,1486-1564,1652-1800,1989-2067,2287-2366"
"zsn27n2a",""
"ztnbjgmd",""
"ztwqitd0",""
"zu8h05gb",""
"zulee99t","3-88,118-271,357-487,608-703,714-828,1086-1214,1281-1358,1385-1480,1629-1728"
"zuqe6k2l",""
"zvljxjfe",""
"zwgmytrh",""
"zwknuoud",""
"zwy218op",""
"zwydxt7d",""
"zx6shmlt",""
"zx8bzkaf",""
"zxfhv5y5",""
"zxlpugy3",""
"zxsje5xc",""
"zy49fykw",""
"zyfjqfnc",""
"zyguw24m",""
"zz5d51z0",""
"zz8txkeg",""
"zzhuh98x","670-750,849-940,1235-1327"
